"subject","congruency","rt"
18,"congruent",1.281
18,"incongruent",1.942
18,"congruent",0.847
18,"incongruent",1.279
18,"congruent",0.631
18,"incongruent",0.693
18,"congruent",0.922
18,"incongruent",0.703
18,"incongruent",1.764
18,"incongruent",1.342
18,"congruent",0.549
18,"congruent",0.65
18,"incongruent",0.701
18,"congruent",0.682
18,"congruent",0.516
18,"congruent",0.648
18,"incongruent",0.432
18,"congruent",0.738
18,"incongruent",0.754
18,"congruent",0.914
18,"congruent",0.614
18,"incongruent",0.634
18,"incongruent",0.701
18,"congruent",0.806
18,"incongruent",0.753
18,"incongruent",1.013
18,"congruent",0.675
18,"congruent",0.537
18,"incongruent",0.843
18,"congruent",0.7
18,"incongruent",0.731
18,"incongruent",0.721
18,"congruent",0.675
18,"incongruent",0.898
18,"congruent",0.828
18,"congruent",0.521
18,"incongruent",1.3
18,"congruent",0.653
18,"incongruent",1.123
18,"incongruent",0.814
18,"congruent",0.6
18,"congruent",0.492
18,"incongruent",0.634
18,"congruent",0.606
18,"congruent",0.504
18,"incongruent",0.933
18,"incongruent",0.725
18,"incongruent",1.045
18,"congruent",0.674
18,"incongruent",0.661
18,"congruent",0.478
18,"congruent",0.539
18,"incongruent",0.672
18,"congruent",0.604
18,"incongruent",0.571
18,"congruent",0.624
18,"congruent",0.725
18,"incongruent",0.592
18,"incongruent",0.971
18,"incongruent",0.501
18,"congruent",0.703
18,"incongruent",1.277
18,"congruent",0.505
18,"congruent",0.56
18,"incongruent",0.708
18,"congruent",0.547
18,"incongruent",0.843
18,"incongruent",1.052
18,"congruent",0.706
18,"incongruent",0.759
18,"congruent",0.544
18,"congruent",0.69
18,"incongruent",0.627
18,"incongruent",0.256
18,"congruent",0.257
18,"congruent",0.557
18,"congruent",0.391
18,"incongruent",0.709
18,"incongruent",0.764
18,"congruent",0.353
18,"congruent",0.725
18,"incongruent",0.567
18,"incongruent",0.751
18,"congruent",0.595
18,"congruent",0.526
18,"congruent",0.376
18,"incongruent",0.693
18,"incongruent",0.686
18,"congruent",0.292
18,"congruent",0.675
18,"incongruent",0.766
18,"incongruent",0.791
5,"incongruent",0.938
5,"congruent",0.879
5,"congruent",0.806
5,"incongruent",0.869
5,"congruent",0.612
5,"incongruent",1.433
5,"incongruent",1.071
5,"congruent",0.732
5,"incongruent",1.122
5,"congruent",0.569
5,"incongruent",0.955
5,"congruent",0.632
5,"congruent",1.083
5,"incongruent",1.102
5,"congruent",1.442
5,"incongruent",0.661
5,"congruent",0.626
5,"incongruent",0.59
5,"congruent",1.45
5,"incongruent",0.635
5,"congruent",0.742
5,"incongruent",0.779
5,"congruent",0.653
5,"incongruent",0.919
5,"congruent",0.773
5,"congruent",0.679
5,"congruent",0.625
5,"congruent",0.572
5,"incongruent",0.673
5,"congruent",0.612
5,"incongruent",0.461
5,"incongruent",1.107
5,"congruent",0.688
5,"congruent",0.586
5,"incongruent",0.709
5,"congruent",0.601
5,"incongruent",1.344
5,"congruent",0.982
5,"incongruent",0.764
5,"incongruent",1.155
5,"congruent",0.679
5,"congruent",0.874
5,"incongruent",0.719
5,"congruent",0.654
5,"incongruent",0.571
5,"congruent",1.172
5,"incongruent",0.619
5,"incongruent",0.517
5,"congruent",0.534
5,"congruent",0.504
5,"congruent",0.956
5,"incongruent",1.277
5,"incongruent",0.643
5,"incongruent",0.687
5,"congruent",0.857
5,"congruent",1.608
5,"incongruent",0.757
5,"congruent",1.005
5,"congruent",0.96
5,"incongruent",1.189
5,"congruent",1.908
5,"incongruent",1.582
5,"incongruent",1.571
5,"congruent",0.868
5,"congruent",0.565
5,"incongruent",0.567
5,"incongruent",1.202
5,"incongruent",0.889
5,"congruent",0.934
5,"incongruent",1.223
5,"congruent",0.816
5,"congruent",0.588
5,"congruent",0.891
5,"incongruent",1.193
5,"incongruent",1.181
5,"congruent",0.589
5,"incongruent",0.615
5,"congruent",0.544
5,"incongruent",0.949
5,"congruent",0.674
5,"congruent",1.291
5,"incongruent",1.305
5,"incongruent",0.922
5,"incongruent",0.685
5,"incongruent",1.108
5,"congruent",1.191
5,"incongruent",1.299
5,"incongruent",1.671
5,"congruent",0.788
5,"congruent",0.872
12,"congruent",0.762
12,"incongruent",0.829
12,"incongruent",0.551
12,"congruent",0.498
12,"congruent",0.487
12,"congruent",0.514
12,"incongruent",0.517
12,"incongruent",0.587
12,"congruent",0.987
12,"incongruent",0.743
12,"congruent",0.748
12,"incongruent",0.441
12,"congruent",0.531
12,"incongruent",0.482
12,"congruent",0.427
12,"incongruent",0.497
12,"congruent",0.432
12,"incongruent",0.561
12,"congruent",0.432
12,"congruent",0.406
12,"congruent",0.444
12,"incongruent",0.507
12,"congruent",1.149
12,"congruent",0.587
12,"incongruent",0.473
12,"incongruent",0.42
12,"congruent",0.419
12,"incongruent",0.35
12,"incongruent",0.305
12,"congruent",0.23
12,"incongruent",0.205
12,"congruent",0.519
12,"incongruent",0.592
12,"incongruent",0.715
12,"congruent",0.51
12,"incongruent",0.449
12,"congruent",0.506
12,"congruent",0.557
12,"incongruent",0.559
12,"congruent",0.49
12,"incongruent",0.462
12,"incongruent",0.537
12,"congruent",0.472
12,"congruent",0.577
12,"incongruent",0.758
12,"incongruent",0.986
12,"congruent",0.768
12,"incongruent",0.556
12,"congruent",0.662
12,"incongruent",0.734
12,"congruent",0.653
12,"incongruent",0.621
12,"congruent",0.822
12,"congruent",0.49
12,"incongruent",0.458
12,"incongruent",0.338
12,"congruent",0.421
12,"incongruent",0.478
12,"congruent",0.424
12,"congruent",0.541
12,"incongruent",0.451
12,"incongruent",0.486
12,"incongruent",0.468
12,"congruent",0.574
12,"congruent",0.471
12,"congruent",0.401
12,"congruent",0.437
12,"incongruent",0.502
12,"incongruent",0.639
12,"congruent",0.553
12,"incongruent",0.63
12,"incongruent",0.549
12,"congruent",0.731
12,"congruent",0.644
12,"incongruent",0.499
12,"incongruent",0.41
12,"congruent",0.518
12,"congruent",0.434
12,"incongruent",0.589
12,"incongruent",1.45
12,"incongruent",0.641
12,"incongruent",0.429
12,"congruent",0.55
12,"congruent",1.149
12,"incongruent",0.385
12,"incongruent",1.302
12,"congruent",0.976
12,"congruent",0.476
12,"incongruent",0.616
15,"incongruent",0.663
15,"incongruent",0.673
15,"congruent",0.569
15,"congruent",0.598
15,"congruent",0.48
15,"incongruent",0.521
15,"congruent",0.737
15,"congruent",0.689
15,"incongruent",0.608
15,"congruent",0.633
15,"incongruent",0.65
15,"incongruent",0.561
15,"congruent",0.498
15,"incongruent",0.522
15,"congruent",0.548
15,"incongruent",0.595
15,"incongruent",0.607
15,"congruent",0.531
15,"congruent",0.589
15,"incongruent",0.548
15,"incongruent",0.578
15,"congruent",0.46
15,"congruent",0.486
15,"incongruent",0.623
15,"congruent",0.543
15,"congruent",0.517
15,"incongruent",0.684
15,"congruent",0.572
15,"incongruent",0.515
15,"incongruent",0.486
15,"congruent",0.549
15,"incongruent",0.53
15,"congruent",0.461
15,"congruent",0.48
15,"incongruent",0.485
15,"congruent",0.451
15,"incongruent",0.473
15,"incongruent",0.528
15,"congruent",0.511
15,"incongruent",0.484
15,"incongruent",0.493
15,"congruent",0.568
15,"congruent",0.706
15,"incongruent",0.522
15,"incongruent",0.45
15,"congruent",0.508
15,"congruent",0.426
15,"congruent",0.482
15,"incongruent",0.534
15,"incongruent",0.489
15,"congruent",0.493
15,"incongruent",0.454
15,"incongruent",0.485
15,"congruent",0.441
15,"congruent",0.44
15,"incongruent",0.431
15,"congruent",0.454
15,"incongruent",0.556
15,"congruent",0.447
15,"incongruent",0.531
15,"incongruent",0.472
15,"congruent",0.412
15,"congruent",0.45
15,"congruent",0.404
15,"congruent",0.481
15,"incongruent",0.464
15,"incongruent",0.491
15,"incongruent",0.483
15,"congruent",0.469
15,"congruent",0.499
15,"incongruent",0.436
15,"congruent",0.53
15,"congruent",0.445
15,"incongruent",0.444
15,"incongruent",0.469
15,"incongruent",0.49
15,"congruent",0.517
15,"incongruent",0.538
15,"congruent",0.449
15,"incongruent",0.45
15,"congruent",0.4
15,"congruent",0.371
15,"incongruent",0.529
15,"incongruent",0.416
15,"congruent",0.466
15,"congruent",0.573
15,"incongruent",0.467
15,"incongruent",0.29
15,"congruent",0.5
15,"incongruent",0.292
15,"congruent",0.419
15,"incongruent",0.384
15,"congruent",0.463
15,"congruent",0.458
15,"incongruent",0.538
10,"congruent",0.498
10,"congruent",0.484
10,"incongruent",0.528
10,"incongruent",0.695
10,"congruent",0.588
10,"congruent",0.499
10,"incongruent",0.612
10,"congruent",0.489
10,"congruent",0.461
10,"incongruent",0.668
10,"incongruent",0.514
10,"congruent",0.67
10,"congruent",0.621
10,"congruent",0.498
10,"incongruent",0.945
10,"incongruent",0.608
10,"congruent",0.614
10,"congruent",0.525
10,"congruent",0.405
10,"incongruent",0.71
10,"congruent",0.492
10,"incongruent",1.065
10,"incongruent",0.742
10,"congruent",0.57
10,"congruent",0.564
10,"congruent",0.369
10,"incongruent",0.637
10,"incongruent",0.602
10,"incongruent",0.547
10,"congruent",0.477
10,"incongruent",0.695
10,"congruent",0.342
10,"incongruent",0.597
10,"congruent",0.547
10,"congruent",0.384
10,"incongruent",0.648
10,"congruent",0.78
10,"congruent",0.598
10,"congruent",0.833
10,"incongruent",0.83
10,"incongruent",0.587
10,"congruent",0.483
10,"congruent",0.566
10,"incongruent",0.635
10,"incongruent",0.725
10,"congruent",0.799
10,"congruent",0.823
10,"incongruent",0.989
10,"congruent",0.542
10,"incongruent",0.699
10,"incongruent",0.701
10,"incongruent",1.14
10,"congruent",1.242
10,"congruent",0.447
10,"incongruent",0.804
10,"congruent",0.47
10,"incongruent",1.054
10,"congruent",0.577
10,"incongruent",0.528
10,"incongruent",0.694
10,"congruent",0.578
10,"congruent",0.73
10,"incongruent",0.628
10,"incongruent",0.685
10,"congruent",0.523
10,"congruent",0.77
10,"incongruent",0.987
10,"congruent",0.746
10,"congruent",0.565
10,"incongruent",0.85
10,"incongruent",0.628
10,"congruent",0.524
10,"incongruent",0.728
10,"congruent",0.675
10,"congruent",0.738
10,"congruent",0.46
10,"incongruent",0.657
10,"incongruent",1.013
10,"incongruent",0.709
10,"congruent",0.655
10,"congruent",0.502
10,"incongruent",1.205
10,"incongruent",0.679
10,"congruent",0.536
10,"congruent",0.493
10,"congruent",0.461
10,"congruent",0.734
10,"incongruent",1.14
10,"incongruent",0.859
7,"congruent",0.704
7,"congruent",0.725
7,"incongruent",1.228
7,"congruent",0.657
7,"incongruent",0.812
7,"congruent",0.702
7,"incongruent",0.747
7,"congruent",0.548
7,"incongruent",0.724
7,"congruent",0.528
7,"incongruent",0.633
7,"incongruent",0.601
7,"incongruent",0.575
7,"congruent",0.548
7,"congruent",0.533
7,"incongruent",0.682
7,"congruent",0.546
7,"congruent",0.577
7,"incongruent",0.618
7,"incongruent",0.581
7,"congruent",0.725
7,"incongruent",0.645
7,"congruent",0.526
7,"incongruent",0.661
7,"congruent",0.496
7,"congruent",0.501
7,"incongruent",0.52
7,"incongruent",0.582
7,"incongruent",0.596
7,"congruent",0.487
7,"congruent",0.517
7,"incongruent",0.549
7,"congruent",0.615
7,"incongruent",0.508
7,"congruent",0.504
7,"congruent",0.507
7,"incongruent",0.67
7,"incongruent",0.634
7,"congruent",0.502
7,"incongruent",0.587
7,"congruent",0.497
7,"incongruent",0.512
7,"congruent",0.542
7,"congruent",0.464
7,"incongruent",0.585
7,"incongruent",0.677
7,"congruent",0.569
7,"incongruent",0.56
7,"congruent",0.331
7,"incongruent",0.552
7,"congruent",0.377
7,"incongruent",0.319
7,"congruent",0.477
7,"incongruent",0.664
7,"congruent",0.537
7,"incongruent",0.483
7,"incongruent",0.664
7,"congruent",0.542
7,"incongruent",0.663
7,"incongruent",0.516
7,"congruent",0.59
7,"congruent",0.386
7,"incongruent",0.512
7,"congruent",0.553
7,"incongruent",0.609
7,"congruent",0.571
7,"congruent",0.46
7,"incongruent",0.734
7,"congruent",0.593
7,"incongruent",0.676
7,"incongruent",0.673
7,"congruent",0.547
7,"congruent",0.535
7,"incongruent",0.74
7,"congruent",0.486
7,"congruent",0.513
7,"incongruent",0.579
7,"incongruent",0.553
7,"congruent",0.589
7,"congruent",0.477
7,"incongruent",0.491
7,"incongruent",0.586
7,"congruent",0.503
7,"incongruent",0.722
7,"congruent",0.645
7,"incongruent",0.554
7,"congruent",0.52
7,"incongruent",0.637
7,"congruent",0.518
7,"incongruent",0.748
7,"congruent",0.704
7,"congruent",0.546
7,"incongruent",0.606
7,"incongruent",0.584
16,"incongruent",1.163
16,"congruent",0.635
16,"incongruent",0.723
16,"congruent",0.495
16,"incongruent",0.621
16,"congruent",0.519
16,"congruent",0.57
16,"incongruent",0.928
16,"congruent",0.652
16,"congruent",0.421
16,"incongruent",0.732
16,"incongruent",0.553
16,"congruent",1.166
16,"congruent",0.568
16,"congruent",0.548
16,"incongruent",1.039
16,"congruent",0.776
16,"incongruent",1.06
16,"congruent",0.983
16,"congruent",0.791
16,"incongruent",0.961
16,"congruent",0.674
16,"incongruent",0.815
16,"congruent",0.693
16,"incongruent",0.538
16,"congruent",0.838
16,"incongruent",0.623
16,"congruent",0.839
16,"incongruent",0.909
16,"congruent",0.743
16,"incongruent",1.519
16,"congruent",0.629
16,"incongruent",0.917
16,"incongruent",0.767
16,"congruent",0.8
16,"congruent",0.665
16,"congruent",0.529
16,"incongruent",1.021
16,"congruent",0.716
16,"incongruent",0.581
16,"congruent",0.6
16,"incongruent",0.942
16,"incongruent",1.063
16,"congruent",0.626
16,"congruent",0.626
16,"congruent",0.4
16,"incongruent",1.625
16,"incongruent",0.661
16,"incongruent",0.688
16,"congruent",0.671
16,"congruent",0.561
16,"incongruent",0.786
16,"incongruent",0.6
16,"congruent",0.653
16,"congruent",0.486
16,"incongruent",1
16,"congruent",0.567
16,"incongruent",1.285
16,"congruent",0.629
16,"incongruent",0.877
16,"incongruent",0.499
16,"congruent",0.565
16,"incongruent",0.894
16,"congruent",0.723
16,"congruent",0.592
16,"congruent",0.542
16,"incongruent",1.189
16,"incongruent",1.631
16,"congruent",0.631
16,"congruent",0.393
16,"incongruent",0.758
16,"incongruent",0.617
16,"incongruent",0.72
16,"congruent",0.831
16,"congruent",0.52
16,"incongruent",1.316
16,"incongruent",0.705
16,"congruent",0.639
16,"congruent",0.612
16,"incongruent",1.09
16,"congruent",0.502
16,"incongruent",0.789
16,"congruent",0.584
16,"incongruent",0.763
16,"congruent",0.494
16,"incongruent",0.611
16,"incongruent",0.481
16,"congruent",0.627
16,"congruent",0.449
19,"congruent",0.799
19,"congruent",0.796
19,"incongruent",1.022
19,"incongruent",0.536
19,"incongruent",0.731
19,"congruent",0.504
19,"incongruent",0.574
19,"congruent",0.502
19,"congruent",0.427
19,"incongruent",0.567
19,"congruent",0.681
19,"incongruent",0.697
19,"congruent",0.48
19,"incongruent",0.635
19,"congruent",0.567
19,"congruent",0.657
19,"congruent",0.518
19,"incongruent",0.566
19,"incongruent",0.526
19,"congruent",0.447
19,"congruent",0.412
19,"incongruent",0.576
19,"incongruent",0.818
19,"incongruent",0.585
19,"congruent",0.481
19,"congruent",0.479
19,"incongruent",0.549
19,"incongruent",0.564
19,"incongruent",0.585
19,"congruent",0.521
19,"congruent",0.462
19,"incongruent",0.534
19,"congruent",0.49
19,"congruent",0.641
19,"congruent",0.495
19,"incongruent",0.623
19,"congruent",0.532
19,"incongruent",0.647
19,"congruent",0.537
19,"incongruent",0.54
19,"congruent",0.576
19,"congruent",0.581
19,"incongruent",0.769
19,"congruent",0.606
19,"incongruent",0.584
19,"incongruent",1.179
19,"congruent",0.593
19,"incongruent",0.783
19,"congruent",0.584
19,"congruent",0.722
19,"congruent",0.628
19,"incongruent",0.656
19,"incongruent",0.97
19,"congruent",0.629
19,"incongruent",0.653
19,"congruent",0.565
19,"incongruent",0.623
19,"congruent",0.63
19,"congruent",0.536
19,"incongruent",0.62
19,"incongruent",0.633
19,"incongruent",0.83
19,"incongruent",0.653
19,"congruent",0.682
19,"congruent",0.618
19,"incongruent",0.789
19,"incongruent",0.679
19,"congruent",0.468
19,"congruent",0.488
19,"incongruent",0.718
19,"incongruent",0.541
19,"congruent",0.503
19,"congruent",0.501
19,"incongruent",0.631
19,"incongruent",0.509
19,"congruent",0.514
19,"congruent",0.425
19,"incongruent",0.568
19,"incongruent",0.646
19,"congruent",0.594
19,"congruent",0.514
19,"incongruent",0.597
19,"congruent",0.635
19,"incongruent",0.864
19,"congruent",0.541
19,"incongruent",0.796
19,"congruent",0.789
19,"incongruent",0.877
19,"congruent",0.521
19,"congruent",0.44
19,"congruent",0.421
19,"incongruent",0.623
19,"incongruent",0.576
17,"congruent",0.612
17,"congruent",0.295
17,"incongruent",0.927
17,"incongruent",0.704
17,"incongruent",0.908
17,"congruent",0.598
17,"congruent",0.691
17,"incongruent",0.688
17,"congruent",0.78
17,"congruent",0.767
17,"incongruent",0.824
17,"congruent",0.604
17,"incongruent",0.74
17,"incongruent",0.76
17,"congruent",0.863
17,"congruent",0.66
17,"incongruent",0.602
17,"incongruent",0.77
17,"congruent",0.54
17,"congruent",0.614
17,"incongruent",0.625
17,"incongruent",0.939
17,"congruent",0.561
17,"incongruent",0.772
17,"congruent",0.542
17,"incongruent",0.902
17,"congruent",0.859
17,"incongruent",0.721
17,"congruent",0.659
17,"congruent",0.687
17,"incongruent",0.725
17,"congruent",0.636
17,"incongruent",0.693
17,"congruent",0.624
17,"incongruent",0.959
17,"incongruent",0.926
17,"incongruent",0.905
17,"congruent",0.599
17,"congruent",0.632
17,"congruent",0.66
17,"incongruent",0.644
17,"congruent",0.642
17,"incongruent",0.645
17,"congruent",0.614
17,"congruent",0.725
17,"incongruent",0.865
17,"incongruent",0.636
17,"incongruent",0.591
17,"congruent",0.59
17,"congruent",0.534
17,"incongruent",0.763
17,"incongruent",0.866
17,"incongruent",0.61
17,"congruent",0.454
17,"congruent",0.62
17,"incongruent",0.61
17,"congruent",0.574
17,"congruent",0.754
17,"incongruent",0.933
17,"congruent",0.597
17,"incongruent",0.875
17,"congruent",0.562
17,"incongruent",0.682
17,"incongruent",0.779
17,"congruent",0.622
17,"congruent",0.687
17,"congruent",0.76
17,"incongruent",0.731
17,"incongruent",0.673
17,"congruent",0.782
17,"congruent",0.56
17,"incongruent",1.14
17,"congruent",0.503
17,"incongruent",0.632
17,"congruent",0.498
17,"incongruent",0.692
17,"incongruent",0.656
17,"congruent",0.448
17,"congruent",0.48
17,"congruent",0.562
17,"incongruent",0.752
17,"incongruent",0.695
17,"congruent",0.702
17,"incongruent",0.875
17,"congruent",0.531
17,"congruent",0.654
17,"incongruent",1.051
17,"congruent",0.594
17,"incongruent",1.135
17,"incongruent",0.901
17,"congruent",0.758
17,"incongruent",1.139
17,"congruent",0.751
2,"incongruent",0.669
2,"congruent",0.439
2,"congruent",0.399
2,"incongruent",0.425
2,"incongruent",0.418
2,"congruent",0.342
2,"congruent",0.34
2,"incongruent",0.49
2,"congruent",0.381
2,"incongruent",0.616
2,"congruent",0.381
2,"incongruent",0.426
2,"congruent",0.365
2,"congruent",0.371
2,"incongruent",0.419
2,"congruent",0.448
2,"congruent",0.34
2,"incongruent",0.479
2,"incongruent",0.534
2,"congruent",0.394
2,"incongruent",0.496
2,"congruent",0.366
2,"incongruent",0.462
2,"congruent",0.444
2,"incongruent",0.485
2,"incongruent",0.454
2,"congruent",0.389
2,"congruent",0.321
2,"incongruent",0.666
2,"congruent",0.407
2,"incongruent",0.51
2,"congruent",0.569
2,"incongruent",0.463
2,"congruent",0.42
2,"congruent",0.383
2,"incongruent",0.487
2,"incongruent",0.475
2,"congruent",0.386
2,"congruent",0.495
2,"incongruent",0.396
2,"incongruent",0.447
2,"congruent",0.408
2,"congruent",0.421
2,"incongruent",0.457
2,"incongruent",0.402
2,"congruent",0.361
2,"congruent",0.361
2,"incongruent",0.753
2,"congruent",0.424
2,"incongruent",0.406
2,"congruent",0.381
2,"incongruent",0.613
2,"congruent",0.348
2,"congruent",0.382
2,"congruent",0.377
2,"incongruent",0.608
2,"incongruent",0.49
2,"congruent",0.349
2,"incongruent",0.506
2,"congruent",0.449
2,"congruent",0.375
2,"congruent",0.372
2,"incongruent",0.635
2,"incongruent",0.453
2,"congruent",0.353
2,"incongruent",0.448
2,"incongruent",0.443
2,"congruent",0.385
2,"incongruent",0.659
2,"incongruent",0.492
2,"congruent",0.401
2,"congruent",0.365
2,"congruent",0.44
2,"congruent",0.371
2,"incongruent",0.483
2,"congruent",0.439
2,"incongruent",0.495
2,"incongruent",0.4
2,"congruent",0.384
2,"incongruent",0.505
2,"congruent",0.368
2,"incongruent",0.495
2,"congruent",0.46
2,"incongruent",0.441
2,"incongruent",0.443
2,"congruent",0.434
2,"congruent",0.333
2,"incongruent",0.484
2,"congruent",0.396
2,"congruent",0.445
23,"congruent",1.181
23,"incongruent",0.895
23,"incongruent",0.796
23,"congruent",0.562
23,"incongruent",0.868
23,"congruent",0.791
23,"congruent",0.884
23,"congruent",0.573
23,"incongruent",0.532
23,"incongruent",0.47
23,"congruent",0.572
23,"incongruent",0.56
23,"congruent",0.747
23,"incongruent",0.782
23,"incongruent",0.925
23,"congruent",0.789
23,"congruent",0.859
23,"incongruent",0.847
23,"incongruent",0.695
23,"congruent",0.679
23,"incongruent",0.696
23,"congruent",0.62
23,"incongruent",0.844
23,"incongruent",0.53
23,"congruent",0.763
23,"congruent",0.592
23,"incongruent",0.609
23,"congruent",0.76
23,"incongruent",0.536
23,"congruent",0.842
23,"congruent",0.583
23,"congruent",0.588
23,"incongruent",0.591
23,"incongruent",0.616
23,"congruent",0.561
23,"congruent",0.636
23,"incongruent",0.525
23,"incongruent",0.357
23,"congruent",0.656
23,"incongruent",0.633
23,"congruent",0.498
23,"incongruent",0.821
23,"incongruent",0.992
23,"congruent",1.079
23,"congruent",0.603
23,"incongruent",0.622
23,"incongruent",1.108
23,"congruent",0.731
23,"congruent",0.723
23,"incongruent",1.258
23,"congruent",0.576
23,"incongruent",0.924
23,"incongruent",1.164
23,"congruent",0.905
23,"congruent",0.788
23,"incongruent",1.151
23,"congruent",0.664
23,"incongruent",0.855
23,"congruent",0.619
23,"incongruent",1.585
23,"congruent",0.617
23,"incongruent",1.309
23,"incongruent",0.766
23,"congruent",0.59
23,"congruent",0.672
23,"incongruent",1.092
23,"incongruent",0.645
23,"incongruent",0.679
23,"congruent",0.672
23,"congruent",0.498
23,"congruent",0.744
23,"incongruent",0.628
23,"congruent",0.702
23,"incongruent",0.671
23,"congruent",0.634
23,"congruent",0.764
23,"incongruent",0.755
23,"incongruent",0.492
23,"incongruent",1.472
23,"congruent",0.733
23,"congruent",0.767
23,"incongruent",0.683
23,"congruent",0.833
23,"incongruent",0.783
23,"congruent",0.72
23,"congruent",0.659
23,"incongruent",0.769
23,"incongruent",0.79
23,"congruent",0.736
23,"congruent",0.529
23,"incongruent",0.72
23,"congruent",0.829
23,"incongruent",1.149
20,"congruent",0.771
20,"congruent",0.637
20,"incongruent",0.72
20,"incongruent",1.045
20,"congruent",0.537
20,"congruent",0.526
20,"incongruent",0.703
20,"incongruent",0.552
20,"congruent",0.435
20,"incongruent",0.637
20,"incongruent",0.618
20,"congruent",0.472
20,"incongruent",0.765
20,"congruent",0.476
20,"congruent",0.518
20,"incongruent",0.563
20,"congruent",0.424
20,"incongruent",0.625
20,"incongruent",0.6
20,"congruent",0.428
20,"incongruent",0.704
20,"congruent",0.424
20,"congruent",0.368
20,"incongruent",0.721
20,"incongruent",0.771
20,"congruent",0.641
20,"congruent",0.537
20,"incongruent",0.64
20,"incongruent",0.628
20,"incongruent",0.824
20,"congruent",0.5
20,"congruent",0.478
20,"incongruent",0.512
20,"congruent",0.43
20,"congruent",0.46
20,"incongruent",0.657
20,"incongruent",0.696
20,"incongruent",0.646
20,"congruent",0.453
20,"congruent",0.526
20,"congruent",0.463
20,"incongruent",0.6
20,"incongruent",0.811
20,"congruent",0.419
20,"congruent",0.442
20,"incongruent",0.575
20,"incongruent",0.653
20,"congruent",0.419
20,"incongruent",0.714
20,"congruent",0.431
20,"congruent",0.386
20,"incongruent",0.564
20,"congruent",0.452
20,"incongruent",0.607
20,"incongruent",0.528
20,"congruent",0.41
20,"incongruent",0.541
20,"congruent",0.462
20,"congruent",0.525
20,"incongruent",0.8
20,"congruent",0.567
20,"congruent",0.518
20,"incongruent",0.792
20,"incongruent",0.645
20,"incongruent",0.6
20,"congruent",0.507
20,"congruent",0.462
20,"congruent",0.446
20,"incongruent",0.591
20,"congruent",0.445
20,"incongruent",0.688
20,"incongruent",0.724
20,"congruent",0.502
20,"congruent",0.504
20,"incongruent",0.617
20,"congruent",0.474
20,"incongruent",0.696
20,"congruent",0.506
20,"incongruent",0.728
20,"congruent",0.588
20,"congruent",0.491
20,"incongruent",0.67
20,"incongruent",0.579
20,"congruent",0.46
20,"incongruent",0.513
20,"incongruent",0.59
20,"congruent",0.472
20,"congruent",0.478
20,"incongruent",0.758
20,"congruent",0.577
20,"incongruent",0.671
20,"congruent",0.479
20,"incongruent",0.529
20,"congruent",0.581
20,"incongruent",0.584
1,"incongruent",0.843
1,"congruent",0.522
1,"incongruent",0.708
1,"congruent",0.451
1,"congruent",0.528
1,"incongruent",0.531
1,"incongruent",0.512
1,"congruent",0.436
1,"congruent",0.476
1,"congruent",0.379
1,"incongruent",0.619
1,"incongruent",0.427
1,"congruent",0.432
1,"incongruent",0.602
1,"incongruent",0.589
1,"congruent",0.459
1,"incongruent",0.501
1,"incongruent",0.617
1,"congruent",0.426
1,"congruent",0.378
1,"congruent",0.419
1,"incongruent",0.73
1,"congruent",0.515
1,"congruent",0.579
1,"incongruent",0.632
1,"congruent",0.477
1,"incongruent",0.552
1,"incongruent",0.535
1,"incongruent",0.556
1,"congruent",0.49
1,"congruent",0.463
1,"incongruent",0.593
1,"congruent",0.403
1,"incongruent",0.572
1,"congruent",0.462
1,"incongruent",0.579
1,"congruent",0.539
1,"congruent",0.421
1,"incongruent",0.534
1,"congruent",0.457
1,"incongruent",0.536
1,"congruent",0.652
1,"incongruent",0.505
1,"congruent",0.575
1,"incongruent",0.552
1,"incongruent",0.575
1,"congruent",0.455
1,"incongruent",0.567
1,"incongruent",0.522
1,"congruent",0.48
1,"congruent",0.502
1,"incongruent",0.495
1,"congruent",0.458
1,"incongruent",0.612
1,"congruent",0.522
1,"incongruent",0.513
1,"congruent",0.484
1,"incongruent",0.462
1,"congruent",0.5
1,"congruent",0.496
1,"congruent",0.422
1,"incongruent",0.521
1,"incongruent",0.482
1,"incongruent",0.55
1,"incongruent",0.515
1,"congruent",0.46
1,"congruent",0.485
1,"congruent",0.452
1,"congruent",0.471
1,"incongruent",0.465
1,"incongruent",0.531
1,"incongruent",0.668
1,"congruent",0.447
1,"congruent",0.483
1,"incongruent",0.539
1,"congruent",0.449
1,"congruent",0.439
1,"incongruent",0.481
1,"incongruent",0.64
1,"incongruent",0.636
1,"congruent",0.474
1,"incongruent",0.532
1,"congruent",0.48
1,"incongruent",0.511
1,"congruent",0.422
1,"incongruent",0.602
1,"congruent",0.47
1,"incongruent",0.609
1,"incongruent",0.793
1,"congruent",0.548
1,"congruent",0.585
1,"incongruent",0.796
1,"incongruent",0.565
1,"congruent",0.498
1,"congruent",0.416
21,"congruent",0.532
21,"congruent",0.296
21,"incongruent",0.473
21,"congruent",0.538
21,"incongruent",0.563
21,"congruent",0.299
21,"incongruent",0.554
21,"congruent",0.331
21,"congruent",0.357
21,"congruent",0.467
21,"incongruent",0.395
21,"incongruent",0.364
21,"congruent",0.415
21,"congruent",0.291
21,"incongruent",0.373
21,"congruent",0.418
21,"incongruent",0.244
21,"congruent",0.527
21,"incongruent",0.498
21,"congruent",0.443
21,"congruent",0.346
21,"incongruent",0.537
21,"incongruent",0.433
21,"congruent",0.389
21,"congruent",0.438
21,"incongruent",0.796
21,"congruent",0.353
21,"congruent",0.386
21,"incongruent",0.452
21,"incongruent",0.648
21,"incongruent",0.549
21,"congruent",0.376
21,"congruent",0.382
21,"congruent",0.526
21,"incongruent",0.515
21,"incongruent",0.582
21,"congruent",0.594
21,"congruent",0.497
21,"incongruent",0.425
21,"incongruent",0.762
21,"congruent",0.498
21,"incongruent",0.576
21,"incongruent",0.588
21,"congruent",0.468
21,"congruent",0.329
21,"congruent",0.622
21,"incongruent",0.615
21,"congruent",0.452
21,"congruent",0.447
21,"congruent",0.667
21,"incongruent",0.521
21,"incongruent",0.419
21,"congruent",0.435
21,"congruent",0.718
21,"congruent",0.79
21,"incongruent",0.679
21,"incongruent",0.795
21,"congruent",0.502
21,"congruent",0.378
21,"incongruent",0.521
21,"incongruent",0.559
21,"congruent",0.338
21,"incongruent",0.728
21,"incongruent",0.559
21,"congruent",0.572
21,"incongruent",0.658
21,"congruent",0.438
21,"congruent",0.435
21,"incongruent",0.79
21,"incongruent",0.582
21,"congruent",0.544
21,"congruent",0.715
21,"incongruent",0.874
21,"congruent",0.587
21,"congruent",0.492
21,"incongruent",0.572
21,"incongruent",0.596
21,"incongruent",0.561
21,"congruent",0.47
21,"congruent",0.458
21,"incongruent",0.631
21,"incongruent",0.649
21,"congruent",0.481
21,"congruent",0.492
19,"congruent",0.872
19,"congruent",0.559
19,"incongruent",0.713
19,"incongruent",0.865
19,"incongruent",0.561
19,"congruent",0.538
19,"congruent",0.481
19,"congruent",0.573
19,"congruent",0.543
19,"incongruent",0.668
19,"incongruent",0.576
19,"incongruent",0.541
19,"congruent",0.504
19,"incongruent",0.593
19,"congruent",0.643
19,"congruent",0.518
19,"incongruent",1.03
19,"congruent",0.521
19,"incongruent",0.603
19,"congruent",0.596
19,"incongruent",0.592
19,"congruent",0.48
19,"incongruent",0.607
19,"incongruent",0.782
19,"incongruent",0.569
19,"congruent",0.55
19,"congruent",0.45
19,"incongruent",0.56
19,"incongruent",0.49
19,"congruent",0.502
19,"congruent",0.555
19,"congruent",0.531
19,"congruent",0.46
19,"incongruent",1.03
19,"incongruent",0.62
19,"incongruent",0.602
19,"congruent",0.561
19,"incongruent",0.603
19,"congruent",0.589
19,"congruent",0.585
19,"incongruent",0.959
19,"congruent",0.528
19,"congruent",0.506
19,"incongruent",0.552
19,"congruent",0.604
19,"incongruent",0.507
19,"congruent",0.586
19,"congruent",0.435
19,"incongruent",0.844
19,"incongruent",0.607
19,"congruent",0.884
19,"congruent",0.62
19,"incongruent",0.619
19,"incongruent",0.706
19,"incongruent",0.86
19,"congruent",0.498
19,"congruent",0.52
19,"congruent",0.625
19,"congruent",0.555
19,"incongruent",0.772
19,"incongruent",1.009
19,"congruent",0.573
19,"incongruent",0.649
19,"incongruent",0.595
19,"congruent",0.53
19,"congruent",0.95
19,"incongruent",0.625
19,"congruent",0.565
19,"incongruent",0.992
19,"congruent",0.582
19,"congruent",0.5
19,"incongruent",0.67
19,"incongruent",0.582
19,"congruent",0.509
19,"incongruent",0.693
19,"incongruent",1.015
19,"congruent",0.494
19,"congruent",0.515
19,"incongruent",0.639
19,"congruent",0.618
19,"incongruent",0.835
19,"congruent",0.645
19,"congruent",0.618
19,"incongruent",0.962
19,"incongruent",0.938
19,"congruent",0.613
19,"congruent",0.549
19,"incongruent",0.66
19,"incongruent",0.845
19,"congruent",0.736
19,"congruent",0.677
19,"incongruent",0.921
19,"incongruent",0.62
20,"incongruent",0.837
20,"congruent",0.536
20,"incongruent",0.766
20,"congruent",0.425
20,"congruent",0.487
20,"incongruent",0.636
20,"incongruent",0.523
20,"congruent",0.537
20,"incongruent",0.514
20,"congruent",0.442
20,"congruent",0.553
20,"incongruent",0.662
20,"incongruent",0.598
20,"congruent",0.485
20,"congruent",0.384
20,"incongruent",0.866
20,"incongruent",0.594
20,"incongruent",0.579
20,"congruent",0.46
20,"congruent",0.444
20,"congruent",0.408
20,"congruent",0.393
20,"incongruent",0.628
20,"incongruent",0.621
20,"congruent",0.492
20,"incongruent",0.629
20,"incongruent",0.564
20,"congruent",0.581
20,"incongruent",0.662
20,"incongruent",0.59
20,"congruent",0.468
20,"congruent",0.564
20,"congruent",0.36
20,"incongruent",0.604
20,"congruent",0.426
20,"incongruent",0.715
20,"congruent",0.489
20,"incongruent",0.529
20,"congruent",0.434
20,"incongruent",0.813
20,"incongruent",0.637
20,"incongruent",0.55
20,"congruent",0.462
20,"congruent",0.476
20,"incongruent",0.588
20,"congruent",0.686
20,"incongruent",0.562
20,"congruent",0.463
20,"incongruent",0.657
20,"incongruent",0.624
20,"congruent",0.525
20,"congruent",0.453
20,"congruent",0.416
20,"incongruent",0.508
20,"incongruent",0.637
20,"congruent",0.434
20,"congruent",0.485
20,"incongruent",0.494
20,"incongruent",0.677
20,"congruent",0.46
20,"congruent",0.386
20,"incongruent",0.551
20,"incongruent",0.615
20,"congruent",0.474
20,"congruent",0.396
20,"congruent",0.424
20,"incongruent",0.711
20,"incongruent",0.699
20,"incongruent",0.638
20,"congruent",0.543
20,"congruent",0.527
20,"incongruent",0.881
20,"congruent",0.493
20,"incongruent",0.698
20,"congruent",0.456
20,"incongruent",0.584
20,"congruent",0.527
20,"congruent",0.38
20,"incongruent",0.533
20,"incongruent",0.73
20,"congruent",0.638
20,"congruent",0.483
20,"incongruent",0.7
20,"incongruent",0.734
20,"congruent",0.478
20,"incongruent",0.736
20,"congruent",0.531
20,"congruent",0.425
20,"incongruent",1.219
20,"incongruent",1.019
20,"congruent",0.452
20,"congruent",0.485
20,"incongruent",0.741
20,"incongruent",0.539
20,"congruent",0.418
7,"incongruent",0.653
7,"congruent",0.507
7,"congruent",0.43
7,"incongruent",0.642
7,"incongruent",0.652
7,"congruent",0.511
7,"congruent",0.529
7,"incongruent",0.703
7,"congruent",0.769
7,"congruent",0.588
7,"incongruent",0.616
7,"incongruent",0.592
7,"incongruent",0.665
7,"congruent",0.871
7,"incongruent",0.715
7,"congruent",0.496
7,"congruent",0.578
7,"congruent",0.652
7,"incongruent",0.667
7,"congruent",0.61
7,"incongruent",0.664
7,"congruent",0.583
7,"incongruent",0.635
7,"incongruent",0.715
7,"congruent",0.508
7,"incongruent",0.582
7,"congruent",0.572
7,"incongruent",0.694
7,"congruent",0.742
7,"congruent",0.554
7,"incongruent",0.671
7,"incongruent",0.614
7,"incongruent",0.712
7,"congruent",0.53
7,"congruent",0.551
7,"incongruent",0.695
7,"congruent",0.551
7,"incongruent",0.601
7,"congruent",0.584
7,"incongruent",0.891
7,"incongruent",0.613
7,"congruent",0.677
7,"congruent",0.732
7,"congruent",0.593
7,"incongruent",0.606
7,"incongruent",0.477
7,"congruent",0.371
7,"incongruent",0.693
7,"incongruent",0.635
7,"congruent",0.579
7,"congruent",0.492
7,"congruent",0.337
7,"incongruent",0.624
7,"incongruent",0.6
7,"congruent",0.545
7,"incongruent",0.559
7,"congruent",0.572
7,"congruent",0.546
7,"incongruent",0.651
7,"incongruent",0.627
7,"incongruent",0.617
7,"congruent",0.552
7,"congruent",0.737
7,"congruent",0.58
7,"congruent",0.461
7,"congruent",0.654
7,"congruent",0.633
7,"incongruent",0.59
7,"incongruent",0.623
7,"incongruent",0.735
7,"incongruent",0.643
7,"congruent",0.52
7,"congruent",0.603
7,"congruent",0.562
7,"incongruent",0.547
7,"congruent",0.644
7,"incongruent",0.899
7,"incongruent",0.6
7,"congruent",0.571
7,"incongruent",0.647
7,"congruent",0.619
7,"congruent",0.711
7,"incongruent",0.706
7,"congruent",0.515
7,"incongruent",0.641
7,"congruent",0.636
7,"incongruent",0.625
7,"incongruent",0.942
7,"congruent",0.605
7,"incongruent",0.564
7,"congruent",0.628
7,"congruent",0.631
7,"incongruent",0.694
24,"incongruent",0.769
24,"congruent",0.46
24,"congruent",0.558
24,"incongruent",0.701
24,"incongruent",0.682
24,"congruent",0.593
24,"congruent",0.495
24,"incongruent",0.602
24,"incongruent",0.581
24,"congruent",0.493
24,"congruent",0.479
24,"incongruent",0.653
24,"congruent",0.524
24,"incongruent",0.538
24,"incongruent",0.538
24,"congruent",0.49
24,"congruent",0.547
24,"congruent",0.465
24,"incongruent",0.625
24,"incongruent",0.844
24,"congruent",0.516
24,"incongruent",0.532
24,"incongruent",0.629
24,"congruent",0.74
24,"incongruent",0.609
24,"congruent",0.458
24,"congruent",0.443
24,"incongruent",0.632
24,"incongruent",0.624
24,"congruent",0.552
24,"congruent",0.391
24,"incongruent",0.516
24,"incongruent",0.524
24,"congruent",0.525
24,"congruent",0.464
24,"incongruent",0.54
24,"incongruent",0.638
24,"congruent",0.487
24,"incongruent",0.86
24,"congruent",0.52
24,"incongruent",0.637
24,"incongruent",0.567
24,"congruent",0.5
24,"congruent",0.648
24,"congruent",0.536
24,"incongruent",0.493
24,"incongruent",0.616
24,"congruent",0.54
24,"incongruent",0.586
24,"congruent",0.537
24,"incongruent",0.711
24,"congruent",0.445
24,"incongruent",0.776
24,"congruent",0.499
24,"incongruent",0.604
24,"congruent",0.563
24,"congruent",0.501
24,"incongruent",0.58
24,"incongruent",0.811
24,"congruent",0.481
24,"congruent",0.634
24,"incongruent",0.561
24,"congruent",0.708
24,"incongruent",0.553
24,"incongruent",0.808
24,"congruent",0.641
24,"congruent",0.59
24,"incongruent",0.616
24,"incongruent",0.551
24,"congruent",0.53
24,"congruent",0.487
24,"incongruent",0.541
24,"incongruent",0.837
24,"congruent",0.494
24,"incongruent",0.668
24,"congruent",0.509
24,"congruent",0.5
24,"congruent",0.735
24,"incongruent",0.591
24,"incongruent",0.499
24,"incongruent",0.528
24,"congruent",0.508
24,"incongruent",0.628
24,"congruent",0.503
24,"congruent",0.52
24,"incongruent",0.721
24,"congruent",0.476
24,"incongruent",0.576
24,"congruent",0.527
24,"incongruent",0.668
24,"congruent",0.713
24,"incongruent",0.725
24,"incongruent",0.571
24,"congruent",0.608
24,"congruent",0.561
24,"incongruent",0.644
21,"incongruent",1.514
21,"congruent",0.773
21,"congruent",0.536
21,"congruent",0.553
21,"congruent",0.368
21,"incongruent",0.734
21,"incongruent",0.938
21,"congruent",0.609
21,"incongruent",0.619
21,"congruent",0.461
21,"congruent",0.37
21,"congruent",0.498
21,"incongruent",0.512
21,"incongruent",0.856
21,"congruent",0.409
21,"incongruent",0.913
21,"incongruent",0.757
21,"congruent",0.477
21,"incongruent",1.008
21,"congruent",0.695
21,"incongruent",0.684
21,"congruent",0.395
21,"congruent",0.608
21,"incongruent",0.812
21,"congruent",0.554
21,"congruent",0.452
21,"congruent",0.528
21,"incongruent",0.734
21,"incongruent",0.52
21,"congruent",0.594
21,"congruent",0.523
21,"incongruent",0.573
21,"congruent",0.477
21,"congruent",0.618
21,"incongruent",0.554
21,"incongruent",0.798
21,"congruent",0.519
21,"congruent",0.49
21,"incongruent",0.919
21,"congruent",0.555
21,"incongruent",0.716
21,"congruent",0.436
21,"incongruent",0.814
21,"incongruent",0.785
21,"incongruent",0.784
21,"congruent",0.756
21,"congruent",0.536
21,"incongruent",0.932
21,"congruent",0.619
21,"congruent",0.567
21,"congruent",0.562
21,"congruent",0.492
21,"incongruent",0.596
21,"incongruent",0.823
21,"incongruent",0.619
21,"incongruent",0.637
21,"congruent",0.471
21,"congruent",0.775
21,"incongruent",0.969
21,"congruent",0.824
21,"congruent",0.512
21,"incongruent",0.636
21,"congruent",0.593
21,"congruent",0.7
21,"incongruent",0.852
21,"incongruent",0.683
21,"incongruent",0.778
21,"incongruent",0.724
21,"congruent",0.624
21,"congruent",0.529
21,"incongruent",0.795
21,"incongruent",1.073
21,"congruent",0.431
21,"congruent",0.438
21,"incongruent",0.72
21,"congruent",0.57
21,"congruent",0.629
21,"incongruent",0.737
21,"incongruent",0.726
21,"congruent",0.694
21,"congruent",0.745
21,"incongruent",0.842
21,"incongruent",1.326
21,"congruent",0.591
21,"congruent",0.774
21,"incongruent",0.746
21,"congruent",0.505
21,"incongruent",1.539
21,"incongruent",1.058
21,"congruent",0.539
12,"incongruent",1.281
12,"incongruent",0.841
12,"congruent",0.569
12,"incongruent",0.678
12,"congruent",0.551
12,"incongruent",0.477
12,"congruent",0.489
12,"congruent",0.605
12,"congruent",0.558
12,"incongruent",0.566
12,"congruent",0.644
12,"incongruent",0.575
12,"congruent",0.533
12,"incongruent",0.644
12,"incongruent",0.648
12,"incongruent",0.634
12,"congruent",0.646
12,"congruent",0.62
12,"congruent",0.95
12,"incongruent",0.879
12,"incongruent",0.597
12,"congruent",0.951
12,"congruent",0.9
12,"incongruent",0.868
12,"incongruent",0.612
12,"congruent",0.724
12,"congruent",0.488
12,"incongruent",0.675
12,"congruent",1.946
12,"congruent",0.896
12,"incongruent",1.195
12,"incongruent",0.797
12,"congruent",0.674
12,"congruent",0.586
12,"incongruent",0.651
12,"congruent",0.711
12,"incongruent",0.799
12,"congruent",0.828
12,"incongruent",0.897
12,"congruent",0.592
12,"incongruent",0.543
12,"congruent",0.517
12,"congruent",0.604
12,"incongruent",0.623
12,"incongruent",0.497
12,"congruent",0.887
12,"congruent",0.575
12,"incongruent",0.595
12,"incongruent",0.608
12,"incongruent",0.587
12,"congruent",0.549
12,"congruent",0.645
12,"incongruent",0.524
12,"incongruent",0.69
12,"congruent",0.638
12,"incongruent",0.553
12,"congruent",0.779
12,"congruent",0.794
12,"congruent",0.742
12,"incongruent",0.547
12,"incongruent",0.709
12,"incongruent",0.687
12,"congruent",0.531
12,"congruent",0.599
12,"incongruent",0.561
12,"congruent",1.006
12,"incongruent",0.594
12,"incongruent",0.577
12,"congruent",0.462
12,"incongruent",0.649
12,"congruent",0.519
12,"incongruent",0.803
12,"incongruent",1.007
12,"congruent",0.641
12,"incongruent",0.555
12,"congruent",0.499
12,"incongruent",0.712
12,"congruent",0.64
12,"congruent",0.569
12,"incongruent",0.778
12,"incongruent",0.603
12,"congruent",0.598
12,"congruent",0.694
12,"congruent",0.545
12,"congruent",0.398
12,"incongruent",0.479
12,"incongruent",0.665
22,"congruent",0.665
22,"congruent",0.481
22,"incongruent",1.059
22,"incongruent",1.678
22,"congruent",1.204
22,"congruent",0.739
22,"incongruent",0.87
22,"incongruent",0.758
22,"congruent",0.851
22,"congruent",0.659
22,"incongruent",0.881
22,"incongruent",0.676
22,"incongruent",0.962
22,"congruent",0.689
22,"congruent",0.649
22,"incongruent",0.691
22,"congruent",0.545
22,"incongruent",1.077
22,"incongruent",0.741
22,"congruent",0.972
22,"incongruent",0.695
22,"incongruent",0.999
22,"congruent",0.681
22,"congruent",0.674
22,"incongruent",0.789
22,"incongruent",0.681
22,"congruent",0.573
22,"congruent",0.598
22,"incongruent",0.726
22,"congruent",0.521
22,"incongruent",1.085
22,"congruent",0.598
22,"congruent",0.649
22,"incongruent",0.91
22,"congruent",0.618
22,"incongruent",0.727
22,"incongruent",1.103
22,"incongruent",1.124
22,"congruent",0.64
22,"congruent",0.584
22,"incongruent",0.816
22,"congruent",0.544
22,"congruent",0.706
22,"incongruent",0.715
22,"incongruent",0.668
22,"congruent",0.652
22,"congruent",0.617
22,"incongruent",1.366
22,"incongruent",0.822
22,"congruent",0.516
22,"congruent",0.526
22,"incongruent",0.664
22,"incongruent",0.756
22,"congruent",0.589
22,"incongruent",0.851
22,"congruent",0.592
22,"congruent",0.512
22,"congruent",0.51
22,"incongruent",0.844
22,"incongruent",1.012
22,"incongruent",0.806
22,"congruent",0.601
22,"incongruent",1.162
22,"congruent",0.574
22,"congruent",0.582
22,"incongruent",0.984
22,"incongruent",0.711
22,"congruent",0.643
22,"congruent",0.681
22,"congruent",0.674
22,"incongruent",0.722
22,"incongruent",1.071
22,"congruent",0.659
22,"incongruent",0.86
22,"congruent",0.83
22,"incongruent",0.761
22,"congruent",0.567
22,"incongruent",0.82
22,"incongruent",0.711
22,"congruent",0.593
22,"congruent",0.704
22,"incongruent",0.711
22,"congruent",0.563
22,"incongruent",0.799
22,"congruent",0.575
22,"incongruent",0.627
22,"incongruent",0.624
22,"congruent",0.596
22,"incongruent",0.715
22,"congruent",0.642
22,"incongruent",1.032
22,"congruent",0.594
22,"incongruent",1.055
22,"congruent",0.717
22,"incongruent",1.188
22,"congruent",0.903
24,"congruent",0.98
24,"incongruent",0.715
24,"congruent",0.653
24,"incongruent",0.664
24,"incongruent",0.701
24,"incongruent",0.697
24,"congruent",0.755
24,"congruent",0.444
24,"congruent",0.543
24,"incongruent",0.584
24,"incongruent",0.625
24,"congruent",0.539
24,"incongruent",0.612
24,"incongruent",0.561
24,"congruent",0.508
24,"congruent",0.558
24,"congruent",0.707
24,"incongruent",0.601
24,"congruent",0.481
24,"incongruent",0.763
24,"incongruent",0.687
24,"congruent",0.584
24,"incongruent",0.552
24,"congruent",0.573
24,"congruent",0.608
24,"incongruent",0.563
24,"congruent",0.593
24,"incongruent",0.558
24,"incongruent",0.696
24,"incongruent",0.923
24,"congruent",0.545
24,"congruent",0.576
24,"incongruent",0.577
24,"congruent",0.525
24,"incongruent",0.62
24,"congruent",0.525
24,"incongruent",0.647
24,"congruent",0.565
24,"incongruent",0.564
24,"congruent",0.608
24,"incongruent",0.573
24,"incongruent",0.476
24,"congruent",0.498
24,"congruent",0.506
24,"congruent",0.536
24,"incongruent",0.582
24,"incongruent",0.719
24,"congruent",0.573
24,"congruent",0.578
24,"incongruent",0.586
24,"incongruent",0.548
24,"congruent",0.667
24,"incongruent",0.643
24,"congruent",0.501
24,"congruent",0.561
24,"incongruent",0.539
24,"congruent",0.524
24,"incongruent",0.595
24,"congruent",0.555
24,"incongruent",0.722
24,"incongruent",0.809
24,"congruent",0.478
24,"congruent",0.639
24,"congruent",0.673
24,"incongruent",0.604
24,"incongruent",0.731
24,"congruent",0.652
24,"incongruent",0.632
24,"congruent",0.687
24,"incongruent",0.729
24,"congruent",0.609
24,"congruent",0.735
24,"incongruent",0.572
24,"incongruent",0.68
24,"congruent",0.475
24,"congruent",0.479
24,"incongruent",0.61
24,"congruent",0.533
24,"incongruent",0.629
24,"incongruent",0.6
24,"congruent",0.588
24,"incongruent",0.615
24,"congruent",0.552
24,"incongruent",0.616
24,"incongruent",1.085
24,"congruent",0.529
24,"congruent",0.788
24,"incongruent",0.584
24,"congruent",0.595
24,"incongruent",0.565
24,"congruent",0.625
24,"congruent",0.503
24,"congruent",0.505
24,"incongruent",0.585
24,"incongruent",0.538
4,"incongruent",1.082
4,"incongruent",1.379
4,"congruent",0.985
4,"congruent",0.809
4,"congruent",0.726
4,"incongruent",1.366
4,"congruent",0.772
4,"incongruent",1.375
4,"congruent",0.74
4,"congruent",0.744
4,"incongruent",0.901
4,"incongruent",0.886
4,"congruent",0.784
4,"congruent",0.614
4,"incongruent",1.465
4,"incongruent",1.359
4,"incongruent",1.209
4,"incongruent",1.195
4,"congruent",0.89
4,"congruent",0.673
4,"congruent",0.632
4,"incongruent",1.146
4,"incongruent",1.427
4,"congruent",1.086
4,"incongruent",0.928
4,"congruent",0.61
4,"congruent",0.664
4,"incongruent",0.844
4,"congruent",0.704
4,"incongruent",0.846
4,"congruent",0.776
4,"incongruent",1.418
4,"congruent",0.639
4,"congruent",0.717
4,"incongruent",1.282
4,"incongruent",0.988
4,"congruent",0.736
4,"congruent",0.636
4,"incongruent",1.007
4,"incongruent",1.496
4,"incongruent",1.571
4,"congruent",0.983
4,"congruent",0.875
4,"congruent",0.587
4,"incongruent",0.99
4,"incongruent",1.023
4,"congruent",0.609
4,"incongruent",1.025
4,"congruent",0.746
4,"incongruent",1.032
4,"congruent",0.797
4,"incongruent",1.001
4,"congruent",0.866
4,"incongruent",1.252
4,"congruent",0.582
4,"congruent",0.796
4,"congruent",0.64
4,"incongruent",1.304
4,"incongruent",1.181
4,"congruent",0.658
4,"congruent",0.553
4,"incongruent",1.104
4,"incongruent",1.215
4,"congruent",0.746
4,"incongruent",1.327
4,"congruent",0.772
4,"incongruent",1.789
4,"incongruent",1.348
4,"congruent",0.8
4,"incongruent",0.766
4,"congruent",0.625
4,"congruent",0.697
4,"incongruent",1.818
4,"congruent",0.814
4,"incongruent",1.725
4,"congruent",0.674
4,"incongruent",0.862
4,"congruent",0.669
4,"incongruent",1.27
4,"incongruent",1.252
4,"incongruent",0.949
4,"congruent",0.64
4,"congruent",0.676
4,"congruent",0.637
4,"incongruent",1.142
4,"incongruent",1.596
4,"congruent",1.082
4,"incongruent",0.899
4,"congruent",0.652
4,"congruent",0.757
4,"incongruent",1.327
4,"congruent",0.594
4,"congruent",0.657
4,"incongruent",1.066
4,"incongruent",1.053
17,"congruent",0.519
17,"incongruent",0.516
17,"incongruent",0.596
17,"congruent",0.44
17,"incongruent",0.694
17,"incongruent",0.651
17,"congruent",0.509
17,"congruent",0.491
17,"incongruent",0.515
17,"congruent",0.482
17,"incongruent",0.643
17,"congruent",0.495
17,"incongruent",0.571
17,"congruent",0.699
17,"congruent",0.528
17,"congruent",0.441
17,"congruent",0.635
17,"incongruent",0.63
17,"congruent",0.37
17,"incongruent",0.564
17,"congruent",0.453
17,"incongruent",0.576
17,"incongruent",0.548
17,"congruent",0.591
17,"incongruent",0.586
17,"congruent",0.434
17,"congruent",0.509
17,"incongruent",0.521
17,"incongruent",0.862
17,"congruent",0.507
17,"incongruent",0.6
17,"incongruent",0.563
17,"congruent",0.502
17,"congruent",0.606
17,"congruent",0.55
17,"congruent",0.376
17,"incongruent",0.551
17,"incongruent",0.402
17,"incongruent",0.621
17,"congruent",0.357
17,"congruent",0.573
17,"congruent",0.41
17,"incongruent",0.605
17,"incongruent",0.516
17,"congruent",0.598
17,"incongruent",0.725
17,"incongruent",0.557
17,"congruent",0.504
17,"congruent",0.523
17,"congruent",0.474
17,"incongruent",0.624
17,"congruent",0.487
17,"incongruent",0.715
17,"congruent",0.572
17,"incongruent",0.651
17,"incongruent",0.553
17,"congruent",0.506
17,"incongruent",0.489
17,"incongruent",0.563
17,"congruent",0.544
17,"congruent",0.574
17,"congruent",0.594
17,"congruent",0.439
17,"incongruent",0.528
17,"incongruent",0.744
17,"incongruent",0.605
17,"congruent",0.501
17,"incongruent",0.879
17,"congruent",0.416
17,"congruent",0.547
17,"congruent",0.44
17,"incongruent",0.516
17,"incongruent",0.967
17,"congruent",0.516
17,"congruent",0.524
17,"incongruent",0.553
17,"incongruent",1.262
17,"congruent",0.441
17,"congruent",0.875
17,"incongruent",0.632
17,"incongruent",0.672
17,"incongruent",0.916
17,"congruent",0.621
17,"incongruent",1.233
17,"congruent",0.641
17,"incongruent",0.852
17,"incongruent",1.04
17,"congruent",0.503
17,"congruent",0.675
17,"congruent",0.478
17,"incongruent",0.508
17,"congruent",0.496
17,"incongruent",0.523
16,"incongruent",1.118
16,"congruent",0.673
16,"incongruent",1.03
16,"congruent",0.629
16,"congruent",0.591
16,"incongruent",0.893
16,"incongruent",0.745
16,"congruent",0.558
16,"incongruent",1.314
16,"congruent",0.6
16,"incongruent",0.596
16,"congruent",0.555
16,"incongruent",0.883
16,"congruent",0.595
16,"congruent",0.484
16,"incongruent",0.847
16,"congruent",0.565
16,"incongruent",0.837
16,"incongruent",0.68
16,"congruent",0.646
16,"congruent",0.652
16,"incongruent",0.831
16,"congruent",0.495
16,"incongruent",0.549
16,"incongruent",0.988
16,"incongruent",0.943
16,"congruent",0.611
16,"congruent",0.366
16,"congruent",0.572
16,"congruent",0.62
16,"incongruent",0.468
16,"incongruent",0.709
16,"incongruent",1.241
16,"incongruent",0.577
16,"congruent",0.496
16,"congruent",0.508
16,"incongruent",0.993
16,"congruent",0.581
16,"congruent",0.476
16,"incongruent",0.759
16,"congruent",0.745
16,"incongruent",0.569
16,"congruent",1.062
16,"congruent",0.799
16,"congruent",0.582
16,"incongruent",0.978
16,"congruent",0.657
16,"incongruent",0.813
16,"congruent",0.663
16,"incongruent",0.855
16,"congruent",0.629
16,"incongruent",0.806
16,"congruent",0.481
16,"incongruent",0.885
16,"congruent",0.811
16,"congruent",0.719
16,"congruent",0.694
16,"incongruent",0.716
16,"congruent",0.58
16,"congruent",0.495
16,"incongruent",1.013
16,"incongruent",0.799
16,"congruent",0.573
16,"incongruent",0.776
16,"congruent",0.561
16,"congruent",0.557
16,"incongruent",0.757
16,"congruent",0.589
16,"incongruent",1.064
16,"incongruent",0.517
16,"congruent",0.774
16,"congruent",0.583
16,"incongruent",0.909
16,"incongruent",1.181
16,"congruent",0.6
16,"congruent",0.617
16,"incongruent",0.955
16,"congruent",0.627
16,"incongruent",0.868
16,"congruent",0.758
16,"incongruent",0.788
16,"incongruent",1.001
16,"congruent",0.611
16,"congruent",0.625
16,"congruent",0.535
16,"incongruent",0.884
16,"incongruent",1.71
16,"congruent",0.837
8,"incongruent",0.488
8,"congruent",0.35
8,"incongruent",0.815
8,"congruent",0.507
8,"congruent",0.392
8,"congruent",0.456
8,"incongruent",0.767
8,"congruent",0.615
8,"congruent",0.483
8,"incongruent",0.542
8,"incongruent",0.619
8,"incongruent",0.515
8,"congruent",0.971
8,"incongruent",0.98
8,"congruent",0.609
8,"congruent",0.511
8,"congruent",0.582
8,"incongruent",0.637
8,"incongruent",0.9
8,"congruent",0.477
8,"incongruent",0.585
8,"congruent",0.837
8,"incongruent",0.848
8,"congruent",0.524
8,"congruent",0.448
8,"incongruent",0.594
8,"congruent",0.621
8,"incongruent",1.184
8,"incongruent",0.557
8,"congruent",0.577
8,"congruent",0.445
8,"incongruent",0.537
8,"congruent",0.507
8,"incongruent",0.627
8,"incongruent",0.559
8,"congruent",0.646
8,"congruent",0.616
8,"incongruent",0.646
8,"congruent",0.696
8,"incongruent",0.693
8,"incongruent",0.895
8,"congruent",0.588
8,"congruent",1.101
8,"incongruent",0.905
8,"incongruent",0.652
8,"congruent",0.651
8,"congruent",0.614
8,"congruent",0.541
8,"incongruent",0.628
8,"congruent",0.529
8,"incongruent",1.043
8,"congruent",0.56
8,"congruent",0.658
8,"incongruent",0.579
8,"incongruent",0.979
8,"congruent",0.888
8,"incongruent",0.67
8,"congruent",0.814
8,"incongruent",0.765
8,"congruent",0.497
8,"congruent",0.681
8,"congruent",0.719
8,"incongruent",0.594
8,"incongruent",0.621
8,"congruent",0.717
8,"incongruent",0.864
8,"congruent",0.652
8,"incongruent",0.767
8,"incongruent",1.396
8,"congruent",0.581
8,"incongruent",0.991
8,"congruent",0.713
8,"incongruent",0.649
8,"congruent",1.089
8,"incongruent",0.655
8,"congruent",0.528
8,"incongruent",0.856
8,"incongruent",1.486
8,"congruent",0.99
8,"incongruent",1.206
8,"incongruent",1.192
8,"congruent",0.619
8,"congruent",0.938
8,"congruent",0.841
8,"incongruent",0.887
8,"congruent",0.561
8,"incongruent",0.719
8,"incongruent",0.99
8,"congruent",0.597
8,"congruent",0.794
8,"incongruent",1.443
1,"incongruent",0.974
1,"incongruent",0.64
1,"congruent",0.605
1,"congruent",0.546
1,"incongruent",0.595
1,"incongruent",0.61
1,"congruent",0.592
1,"congruent",0.494
1,"incongruent",0.453
1,"congruent",0.457
1,"incongruent",0.562
1,"congruent",0.495
1,"congruent",0.427
1,"incongruent",0.568
1,"incongruent",0.649
1,"congruent",0.535
1,"congruent",0.489
1,"incongruent",0.494
1,"congruent",0.452
1,"incongruent",0.621
1,"congruent",0.542
1,"congruent",0.49
1,"incongruent",0.55
1,"incongruent",0.5
1,"congruent",0.566
1,"incongruent",0.54
1,"incongruent",0.496
1,"congruent",0.532
1,"incongruent",0.47
1,"congruent",0.511
1,"incongruent",0.536
1,"congruent",0.47
1,"congruent",0.468
1,"congruent",0.49
1,"incongruent",0.41
1,"incongruent",0.541
1,"incongruent",0.449
1,"congruent",0.415
1,"congruent",0.448
1,"incongruent",0.488
1,"congruent",0.45
1,"incongruent",0.547
1,"incongruent",0.594
1,"congruent",0.401
1,"incongruent",0.571
1,"congruent",0.551
1,"congruent",0.468
1,"incongruent",0.573
1,"congruent",0.557
1,"incongruent",0.528
1,"congruent",0.498
1,"incongruent",0.553
1,"congruent",0.581
1,"incongruent",0.434
1,"incongruent",0.528
1,"congruent",0.433
1,"incongruent",0.544
1,"incongruent",0.513
1,"congruent",0.501
1,"congruent",0.481
1,"congruent",0.464
1,"congruent",0.469
1,"incongruent",0.565
1,"incongruent",0.505
1,"incongruent",0.516
1,"congruent",0.448
1,"incongruent",0.467
1,"congruent",0.463
1,"congruent",0.545
1,"congruent",0.401
1,"incongruent",0.471
1,"incongruent",0.533
1,"congruent",0.557
1,"incongruent",0.524
1,"incongruent",0.503
1,"congruent",0.434
1,"incongruent",0.471
1,"congruent",0.484
1,"congruent",0.482
1,"incongruent",0.507
1,"congruent",0.516
1,"congruent",0.491
1,"incongruent",0.476
1,"incongruent",0.547
1,"congruent",0.446
1,"incongruent",0.603
1,"congruent",0.53
1,"incongruent",0.56
1,"incongruent",0.535
1,"congruent",0.553
1,"congruent",0.497
1,"incongruent",0.628
1,"congruent",0.527
1,"incongruent",0.718
1,"congruent",0.545
1,"incongruent",0.569
6,"incongruent",0.915
6,"incongruent",0.923
6,"congruent",0.758
6,"congruent",0.58
6,"congruent",0.571
6,"incongruent",0.638
6,"incongruent",0.84
6,"congruent",0.752
6,"incongruent",0.683
6,"incongruent",0.687
6,"congruent",0.586
6,"congruent",0.646
6,"incongruent",0.66
6,"congruent",0.78
6,"congruent",0.949
6,"incongruent",0.606
6,"incongruent",0.647
6,"congruent",0.764
6,"incongruent",0.633
6,"congruent",0.648
6,"incongruent",0.595
6,"congruent",0.596
6,"congruent",0.577
6,"congruent",0.726
6,"congruent",0.724
6,"congruent",0.517
6,"incongruent",0.73
6,"incongruent",0.721
6,"congruent",0.601
6,"incongruent",0.845
6,"incongruent",0.759
6,"congruent",0.759
6,"congruent",0.919
6,"congruent",0.592
6,"incongruent",0.69
6,"congruent",0.573
6,"incongruent",0.675
6,"incongruent",0.632
6,"congruent",0.704
6,"congruent",0.561
6,"incongruent",0.712
6,"incongruent",0.688
6,"incongruent",0.672
6,"congruent",0.622
6,"congruent",0.636
6,"congruent",0.618
6,"congruent",0.473
6,"incongruent",0.722
6,"incongruent",0.612
6,"incongruent",0.591
6,"incongruent",0.636
6,"congruent",0.516
6,"congruent",0.635
6,"congruent",0.656
6,"incongruent",1.427
6,"incongruent",0.798
6,"congruent",0.572
6,"incongruent",0.769
6,"congruent",0.59
6,"incongruent",0.943
6,"congruent",0.921
6,"congruent",0.624
6,"incongruent",0.768
6,"congruent",0.661
6,"incongruent",1.191
6,"congruent",0.596
6,"incongruent",0.874
6,"incongruent",0.589
6,"congruent",0.487
6,"incongruent",0.719
6,"congruent",0.523
6,"incongruent",0.96
6,"congruent",0.546
6,"incongruent",0.667
6,"congruent",0.669
6,"congruent",0.56
6,"incongruent",0.981
6,"congruent",0.69
6,"incongruent",1.032
6,"congruent",0.638
6,"incongruent",1.026
6,"congruent",0.429
6,"incongruent",1.037
6,"incongruent",0.742
6,"congruent",0.67
6,"incongruent",0.555
6,"congruent",0.535
6,"congruent",0.755
6,"incongruent",0.778
6,"congruent",0.576
6,"incongruent",1.183
6,"incongruent",0.847
6,"congruent",0.928
13,"incongruent",1.876
13,"congruent",0.905
13,"incongruent",1.128
13,"congruent",0.894
13,"incongruent",0.987
13,"congruent",0.75
13,"congruent",0.932
13,"incongruent",0.973
13,"congruent",0.849
13,"incongruent",1.174
13,"incongruent",1.677
13,"congruent",0.914
13,"incongruent",1.14
13,"incongruent",0.821
13,"congruent",0.713
13,"congruent",0.861
13,"congruent",0.652
13,"incongruent",0.742
13,"congruent",0.736
13,"incongruent",0.913
13,"congruent",0.592
13,"incongruent",0.79
13,"congruent",0.992
13,"incongruent",0.956
13,"incongruent",0.809
13,"congruent",0.582
13,"congruent",0.914
13,"incongruent",0.777
13,"incongruent",1.086
13,"congruent",0.648
13,"congruent",0.683
13,"congruent",0.739
13,"congruent",0.715
13,"incongruent",0.684
13,"incongruent",0.959
13,"congruent",0.876
13,"congruent",0.726
13,"incongruent",1.09
13,"incongruent",0.724
13,"incongruent",0.923
13,"incongruent",0.846
13,"congruent",0.816
13,"congruent",0.661
13,"incongruent",0.758
13,"congruent",0.844
13,"incongruent",1.249
13,"congruent",0.788
13,"incongruent",1.032
13,"incongruent",0.934
13,"congruent",0.844
13,"congruent",0.914
13,"congruent",0.642
13,"incongruent",0.898
13,"incongruent",0.939
13,"congruent",0.755
13,"incongruent",1.128
13,"congruent",1.299
13,"incongruent",0.979
13,"congruent",0.827
13,"congruent",0.737
13,"incongruent",0.902
13,"incongruent",0.877
13,"congruent",0.787
13,"congruent",0.762
13,"incongruent",1.518
13,"incongruent",1.79
13,"congruent",0.957
13,"congruent",0.833
13,"congruent",1.225
13,"incongruent",0.697
13,"incongruent",0.779
13,"incongruent",1.417
13,"congruent",0.642
13,"congruent",0.675
13,"incongruent",1.107
13,"incongruent",0.957
13,"incongruent",0.953
13,"congruent",0.859
13,"congruent",1.052
13,"incongruent",1.008
13,"congruent",0.645
13,"incongruent",0.887
13,"congruent",1.014
13,"congruent",0.804
13,"incongruent",0.942
13,"incongruent",1.075
13,"congruent",0.601
13,"congruent",0.631
13,"incongruent",1.146
13,"congruent",1.101
13,"incongruent",0.704
13,"incongruent",0.862
13,"congruent",0.851
13,"incongruent",0.788
13,"congruent",0.829
14,"incongruent",1.943
14,"incongruent",1.474
14,"congruent",1.301
14,"congruent",0.898
14,"incongruent",1.736
14,"incongruent",1.777
14,"congruent",1.836
14,"congruent",1.271
14,"incongruent",1.512
14,"incongruent",1.561
14,"congruent",0.856
14,"congruent",0.927
14,"incongruent",1.547
14,"incongruent",1.465
14,"congruent",0.796
14,"congruent",0.591
14,"incongruent",1
14,"congruent",1.069
14,"congruent",0.667
14,"incongruent",1.042
14,"congruent",0.829
14,"incongruent",1.386
14,"congruent",1.039
14,"incongruent",1.496
14,"incongruent",1.695
14,"congruent",1.247
14,"congruent",0.786
14,"incongruent",0.97
14,"congruent",0.98
14,"congruent",0.588
14,"incongruent",0.746
14,"incongruent",1.197
14,"congruent",0.696
14,"congruent",0.725
14,"incongruent",1.734
14,"incongruent",0.83
14,"incongruent",1.101
14,"incongruent",0.916
14,"congruent",0.701
14,"congruent",1.046
14,"incongruent",1.003
14,"congruent",1.425
14,"incongruent",1.405
14,"congruent",0.678
14,"congruent",0.791
14,"incongruent",1.336
14,"incongruent",1.309
14,"congruent",0.773
14,"incongruent",1.073
14,"congruent",0.879
14,"incongruent",1.305
14,"incongruent",0.864
14,"congruent",0.667
14,"congruent",0.661
14,"incongruent",0.93
14,"incongruent",0.877
14,"congruent",0.635
14,"incongruent",0.65
14,"congruent",0.635
14,"incongruent",0.992
14,"congruent",0.967
14,"congruent",0.733
14,"incongruent",1.013
14,"incongruent",1.628
14,"congruent",1.457
14,"congruent",0.857
14,"incongruent",1.102
14,"incongruent",0.981
14,"incongruent",1.019
14,"congruent",0.734
14,"congruent",0.972
14,"congruent",1.05
14,"incongruent",1.023
14,"congruent",0.603
14,"incongruent",0.91
14,"incongruent",1.1
14,"incongruent",0.806
14,"congruent",0.836
14,"congruent",0.871
14,"incongruent",0.983
14,"incongruent",0.848
14,"congruent",1.047
14,"congruent",0.618
14,"incongruent",1.364
14,"congruent",1.015
14,"incongruent",0.834
14,"congruent",0.721
14,"congruent",0.868
14,"congruent",0.738
14,"incongruent",1.358
14,"incongruent",0.946
14,"incongruent",0.975
14,"congruent",0.845
14,"congruent",0.899
14,"incongruent",0.866
15,"incongruent",0.617
15,"congruent",0.582
15,"incongruent",0.45
15,"congruent",0.427
15,"congruent",0.464
15,"incongruent",0.473
15,"congruent",0.472
15,"incongruent",0.497
15,"incongruent",0.542
15,"incongruent",0.555
15,"congruent",0.561
15,"incongruent",0.598
15,"congruent",0.522
15,"incongruent",0.525
15,"congruent",0.537
15,"incongruent",0.517
15,"congruent",0.433
15,"incongruent",0.604
15,"congruent",0.424
15,"congruent",0.674
15,"incongruent",0.527
15,"congruent",0.508
15,"incongruent",0.487
15,"congruent",0.688
15,"incongruent",0.503
15,"congruent",0.475
15,"incongruent",0.524
15,"congruent",0.41
15,"incongruent",0.539
15,"congruent",0.55
15,"incongruent",0.591
15,"incongruent",0.445
15,"incongruent",0.523
15,"congruent",0.493
15,"congruent",0.515
15,"incongruent",0.514
15,"congruent",0.449
15,"incongruent",0.687
15,"congruent",0.541
15,"incongruent",0.539
15,"incongruent",0.609
15,"congruent",0.542
15,"congruent",0.594
15,"congruent",0.472
15,"congruent",0.558
15,"incongruent",0.502
15,"incongruent",0.499
15,"incongruent",0.482
15,"incongruent",0.543
15,"congruent",0.423
15,"congruent",0.473
15,"incongruent",0.496
15,"incongruent",0.493
15,"congruent",0.486
15,"congruent",0.425
15,"incongruent",0.55
15,"congruent",0.502
15,"incongruent",0.595
15,"congruent",0.443
15,"incongruent",0.473
15,"congruent",0.419
15,"incongruent",0.527
15,"congruent",0.415
15,"congruent",0.399
15,"incongruent",0.469
15,"incongruent",0.562
15,"congruent",0.535
15,"incongruent",0.52
15,"congruent",0.426
15,"incongruent",0.523
15,"congruent",0.559
15,"congruent",0.466
15,"incongruent",0.57
15,"congruent",0.485
15,"incongruent",0.454
15,"incongruent",0.548
15,"congruent",0.423
15,"incongruent",0.462
15,"congruent",0.432
15,"incongruent",0.527
15,"congruent",0.522
15,"congruent",0.451
15,"incongruent",0.573
15,"incongruent",0.45
15,"incongruent",0.422
15,"congruent",0.409
15,"congruent",0.498
15,"incongruent",0.489
15,"congruent",0.49
15,"incongruent",0.532
15,"incongruent",0.49
15,"incongruent",0.589
15,"congruent",0.496
15,"congruent",0.497
6,"incongruent",1.233
6,"incongruent",0.768
6,"congruent",0.74
6,"congruent",0.771
6,"incongruent",0.938
6,"congruent",0.657
6,"incongruent",0.709
6,"congruent",0.81
6,"congruent",0.713
6,"incongruent",1.145
6,"incongruent",0.836
6,"congruent",0.99
6,"incongruent",1.049
6,"incongruent",0.77
6,"congruent",0.798
6,"congruent",0.649
6,"congruent",0.713
6,"incongruent",0.769
6,"incongruent",0.662
6,"congruent",0.784
6,"incongruent",0.633
6,"congruent",0.615
6,"congruent",0.634
6,"incongruent",1.767
6,"congruent",0.839
6,"congruent",0.628
6,"incongruent",0.62
6,"incongruent",0.685
6,"incongruent",0.673
6,"congruent",0.58
6,"congruent",0.657
6,"incongruent",0.672
6,"incongruent",0.693
6,"congruent",0.62
6,"congruent",0.584
6,"incongruent",0.769
6,"incongruent",0.664
6,"congruent",0.654
6,"congruent",0.915
6,"incongruent",0.614
6,"incongruent",0.855
6,"incongruent",0.764
6,"congruent",0.801
6,"congruent",1.082
6,"incongruent",1.498
6,"congruent",0.732
6,"congruent",0.668
6,"incongruent",1.075
6,"congruent",0.569
6,"incongruent",0.92
6,"incongruent",0.86
6,"congruent",0.654
6,"congruent",0.651
6,"incongruent",1.063
6,"incongruent",0.776
6,"congruent",0.895
6,"incongruent",0.894
6,"incongruent",1.048
6,"congruent",0.706
6,"incongruent",1.021
6,"congruent",0.681
6,"incongruent",0.795
6,"congruent",0.738
6,"congruent",0.969
6,"incongruent",0.857
6,"incongruent",1.164
6,"congruent",0.681
6,"congruent",0.722
6,"incongruent",1.382
6,"incongruent",0.792
6,"congruent",0.985
6,"incongruent",0.899
6,"congruent",0.768
6,"congruent",0.492
6,"incongruent",0.953
6,"incongruent",0.813
6,"congruent",0.806
6,"incongruent",0.652
6,"congruent",1.085
6,"congruent",0.61
6,"incongruent",1.212
6,"congruent",0.987
6,"incongruent",1.741
6,"congruent",0.745
6,"incongruent",0.835
6,"congruent",0.898
6,"congruent",0.635
6,"incongruent",1.101
6,"incongruent",1.336
6,"congruent",0.729
6,"congruent",0.544
6,"incongruent",0.663
6,"incongruent",0.931
13,"incongruent",1.302
13,"congruent",0.615
13,"congruent",0.636
13,"incongruent",0.691
13,"congruent",0.76
13,"incongruent",0.671
13,"incongruent",0.697
13,"congruent",0.615
13,"incongruent",0.704
13,"incongruent",0.631
13,"congruent",0.628
13,"congruent",0.556
13,"incongruent",0.664
13,"congruent",0.49
13,"congruent",0.564
13,"incongruent",0.712
13,"incongruent",0.618
13,"congruent",0.611
13,"congruent",0.604
13,"incongruent",0.997
13,"congruent",0.868
13,"incongruent",0.664
13,"congruent",0.592
13,"incongruent",1.417
13,"congruent",0.775
13,"incongruent",0.743
13,"congruent",0.692
13,"incongruent",0.917
13,"congruent",0.704
13,"incongruent",0.641
13,"congruent",0.585
13,"incongruent",0.663
13,"congruent",0.648
13,"incongruent",0.607
13,"incongruent",0.68
13,"congruent",0.68
13,"incongruent",0.783
13,"incongruent",0.752
13,"congruent",0.594
13,"congruent",0.706
13,"incongruent",0.731
13,"congruent",1.146
13,"incongruent",0.802
13,"congruent",0.694
13,"incongruent",0.845
13,"congruent",0.693
13,"congruent",0.898
13,"incongruent",0.706
13,"congruent",0.965
13,"incongruent",0.827
13,"congruent",0.702
13,"incongruent",0.996
13,"incongruent",0.733
13,"incongruent",0.959
13,"congruent",0.732
13,"congruent",0.821
13,"congruent",0.743
13,"congruent",0.803
13,"incongruent",0.795
13,"incongruent",0.941
13,"incongruent",1.46
13,"congruent",1.017
13,"incongruent",0.876
13,"congruent",0.604
13,"incongruent",0.967
13,"congruent",0.636
13,"incongruent",0.742
13,"congruent",0.646
13,"congruent",0.671
13,"incongruent",0.672
13,"congruent",0.65
13,"incongruent",0.662
13,"congruent",0.885
13,"incongruent",1.95
13,"congruent",0.992
13,"incongruent",1.115
13,"incongruent",1.21
13,"congruent",0.642
13,"incongruent",1.04
13,"congruent",1.022
13,"incongruent",1.573
13,"congruent",0.807
13,"incongruent",1.501
13,"congruent",0.688
13,"incongruent",1.161
13,"congruent",0.737
13,"congruent",1.019
13,"incongruent",1.359
13,"congruent",0.686
13,"incongruent",0.768
13,"incongruent",1.064
13,"congruent",0.835
13,"incongruent",1.197
13,"congruent",0.747
13,"incongruent",1.289
13,"congruent",0.659
14,"incongruent",0.955
14,"congruent",0.997
14,"congruent",0.666
14,"congruent",0.898
14,"incongruent",0.809
14,"incongruent",0.709
14,"congruent",0.695
14,"congruent",0.699
14,"incongruent",1.078
14,"incongruent",0.71
14,"congruent",0.795
14,"incongruent",0.799
14,"incongruent",0.679
14,"congruent",0.868
14,"congruent",0.95
14,"incongruent",0.704
14,"incongruent",0.883
14,"congruent",1.135
14,"congruent",0.863
14,"incongruent",0.913
14,"congruent",0.578
14,"incongruent",0.753
14,"congruent",0.682
14,"congruent",0.711
14,"incongruent",0.701
14,"congruent",0.842
14,"incongruent",0.789
14,"incongruent",0.66
14,"incongruent",0.613
14,"congruent",0.579
14,"congruent",0.642
14,"congruent",0.556
14,"congruent",0.563
14,"incongruent",0.694
14,"incongruent",0.679
14,"incongruent",0.86
14,"congruent",0.783
14,"incongruent",0.89
14,"congruent",0.618
14,"congruent",0.588
14,"congruent",0.766
14,"incongruent",0.61
14,"incongruent",0.62
14,"congruent",0.818
14,"incongruent",0.498
14,"incongruent",0.834
14,"congruent",0.721
14,"incongruent",1.127
14,"congruent",0.56
14,"congruent",0.64
14,"incongruent",0.637
14,"incongruent",0.609
14,"congruent",0.605
14,"incongruent",0.665
14,"congruent",0.522
14,"congruent",0.507
14,"incongruent",0.726
14,"congruent",0.543
14,"incongruent",0.8
14,"congruent",0.767
14,"incongruent",0.992
14,"congruent",0.865
14,"incongruent",0.646
14,"incongruent",0.893
14,"congruent",0.577
14,"congruent",0.54
14,"congruent",0.415
14,"congruent",0.524
14,"incongruent",0.794
14,"incongruent",0.894
14,"incongruent",0.898
14,"congruent",0.748
14,"congruent",0.51
14,"incongruent",0.589
14,"congruent",0.579
14,"incongruent",0.664
14,"congruent",0.59
14,"incongruent",0.792
14,"congruent",0.647
14,"congruent",0.563
14,"incongruent",0.673
14,"incongruent",0.605
14,"congruent",0.743
14,"congruent",0.607
14,"incongruent",0.821
14,"congruent",0.575
14,"congruent",0.704
14,"incongruent",0.66
14,"incongruent",0.846
14,"incongruent",0.644
14,"congruent",0.709
14,"congruent",0.729
23,"congruent",1.42
23,"congruent",1.286
23,"incongruent",1.486
23,"incongruent",1.744
23,"incongruent",1.82
23,"incongruent",1.56
23,"congruent",1.595
23,"congruent",0.703
23,"congruent",0.95
23,"incongruent",1.291
23,"congruent",0.962
23,"congruent",0.858
23,"congruent",0.911
23,"incongruent",0.907
23,"incongruent",1.414
23,"congruent",0.901
23,"incongruent",1.546
23,"congruent",0.964
23,"congruent",0.756
23,"incongruent",0.814
23,"congruent",0.679
23,"incongruent",0.639
23,"incongruent",1.361
23,"congruent",0.927
23,"congruent",0.695
23,"incongruent",0.755
23,"congruent",0.86
23,"congruent",0.808
23,"incongruent",1.349
23,"incongruent",1.434
23,"incongruent",1.116
23,"incongruent",1.418
23,"congruent",0.985
23,"congruent",0.728
23,"incongruent",1.251
23,"congruent",1.1
23,"congruent",0.916
23,"congruent",0.691
23,"incongruent",1.16
23,"incongruent",0.793
23,"congruent",1.008
23,"incongruent",1.496
23,"congruent",0.891
23,"congruent",0.775
23,"incongruent",0.741
23,"congruent",0.924
23,"incongruent",0.677
23,"incongruent",0.707
23,"congruent",0.784
23,"incongruent",1.304
23,"congruent",0.561
23,"congruent",0.897
23,"incongruent",1.263
23,"congruent",0.743
23,"incongruent",1.255
23,"incongruent",1.11
23,"incongruent",1.109
23,"incongruent",0.874
23,"congruent",1.19
23,"congruent",0.842
23,"congruent",0.857
23,"incongruent",1.245
23,"incongruent",0.668
23,"congruent",0.741
23,"incongruent",1.304
23,"congruent",1.321
23,"incongruent",1.324
23,"congruent",0.675
23,"incongruent",0.831
23,"congruent",0.897
23,"incongruent",1.464
23,"congruent",0.652
23,"incongruent",0.788
23,"incongruent",1.281
23,"congruent",0.64
23,"congruent",0.659
23,"congruent",0.578
23,"incongruent",0.869
23,"congruent",0.612
23,"incongruent",0.748
23,"congruent",0.545
23,"incongruent",0.676
23,"incongruent",1.523
23,"congruent",0.989
23,"incongruent",0.631
23,"congruent",0.67
23,"incongruent",1.06
23,"congruent",0.872
23,"congruent",0.638
23,"incongruent",0.873
23,"incongruent",1.906
23,"congruent",0.743
11,"incongruent",1.92
11,"congruent",1.258
11,"congruent",1.125
11,"incongruent",1.877
11,"congruent",0.718
11,"incongruent",1.002
11,"congruent",0.665
11,"incongruent",0.632
11,"incongruent",0.562
11,"congruent",0.891
11,"congruent",0.688
11,"incongruent",0.787
11,"incongruent",0.613
11,"congruent",0.58
11,"congruent",0.568
11,"incongruent",0.714
11,"congruent",0.567
11,"incongruent",0.675
11,"congruent",1.127
11,"incongruent",0.831
11,"congruent",0.561
11,"incongruent",0.693
11,"congruent",0.902
11,"congruent",0.706
11,"incongruent",0.716
11,"congruent",0.522
11,"incongruent",0.555
11,"congruent",0.745
11,"incongruent",0.608
11,"congruent",1.01
11,"incongruent",0.575
11,"incongruent",1.096
11,"congruent",0.59
11,"incongruent",0.961
11,"congruent",0.662
11,"incongruent",0.84
11,"congruent",1.085
11,"incongruent",0.945
11,"congruent",0.77
11,"incongruent",1.031
11,"incongruent",0.702
11,"congruent",0.633
11,"congruent",0.636
11,"incongruent",0.792
11,"congruent",0.99
11,"congruent",0.557
11,"incongruent",1.039
11,"congruent",0.758
11,"congruent",0.524
11,"incongruent",0.697
11,"incongruent",0.746
11,"congruent",0.53
11,"incongruent",0.76
11,"congruent",0.537
11,"incongruent",0.993
11,"incongruent",0.594
11,"congruent",0.617
11,"incongruent",0.722
11,"congruent",0.69
11,"incongruent",0.672
11,"incongruent",1.391
11,"congruent",0.807
11,"congruent",0.883
11,"incongruent",1.173
11,"congruent",0.837
11,"incongruent",0.828
11,"congruent",0.648
11,"incongruent",1.012
11,"incongruent",1.338
11,"congruent",0.847
11,"incongruent",0.904
11,"incongruent",0.684
11,"congruent",0.531
11,"congruent",0.674
11,"congruent",1.459
11,"congruent",0.685
11,"incongruent",1.129
11,"incongruent",0.744
11,"congruent",0.553
11,"congruent",0.796
11,"incongruent",0.799
11,"incongruent",0.685
11,"incongruent",0.879
11,"congruent",0.765
11,"incongruent",0.881
11,"incongruent",1.453
11,"congruent",0.579
11,"congruent",0.836
11,"congruent",0.864
11,"incongruent",0.786
11,"congruent",0.594
11,"incongruent",1.558
11,"congruent",0.945
11,"congruent",1.241
11,"incongruent",1.024
11,"incongruent",1.174
11,"incongruent",0.726
11,"incongruent",0.873
11,"congruent",0.68
11,"congruent",0.689
11,"incongruent",0.68
11,"incongruent",1.264
11,"congruent",1.173
11,"incongruent",0.65
11,"congruent",0.732
11,"incongruent",1.081
11,"congruent",0.988
11,"incongruent",1.829
11,"congruent",0.817
11,"incongruent",0.781
11,"incongruent",0.719
11,"congruent",0.934
11,"congruent",0.52
11,"incongruent",0.947
11,"congruent",0.629
11,"incongruent",0.855
11,"congruent",0.595
11,"incongruent",0.823
11,"congruent",0.635
11,"incongruent",1.19
11,"incongruent",0.856
11,"incongruent",0.727
11,"congruent",0.573
11,"congruent",0.616
11,"incongruent",0.638
11,"incongruent",0.653
11,"incongruent",0.728
11,"congruent",0.735
11,"congruent",0.654
11,"incongruent",0.91
11,"congruent",1.824
11,"incongruent",1.467
11,"congruent",1.155
11,"incongruent",1.029
11,"congruent",0.742
11,"incongruent",0.643
11,"congruent",0.679
11,"incongruent",0.825
11,"congruent",1.362
11,"congruent",0.803
11,"incongruent",0.707
11,"incongruent",0.751
11,"incongruent",0.656
11,"congruent",0.931
11,"congruent",0.763
11,"congruent",0.699
11,"congruent",0.589
11,"incongruent",1.222
11,"incongruent",0.973
11,"incongruent",0.809
11,"congruent",0.602
11,"congruent",0.784
11,"incongruent",0.756
11,"incongruent",0.677
11,"congruent",1.103
11,"incongruent",1.453
11,"congruent",0.694
11,"congruent",0.799
11,"incongruent",0.885
11,"incongruent",0.794
11,"congruent",0.848
11,"congruent",0.651
11,"congruent",0.693
11,"incongruent",1.38
11,"incongruent",0.835
11,"congruent",0.718
11,"congruent",1.219
11,"incongruent",1.506
11,"incongruent",1.019
11,"incongruent",0.953
11,"congruent",1.072
11,"incongruent",1.254
11,"congruent",0.659
11,"congruent",0.919
11,"incongruent",1.008
11,"incongruent",1.052
11,"congruent",0.736
11,"congruent",0.951
11,"incongruent",0.915
11,"incongruent",1.708
11,"congruent",0.802
2,"incongruent",0.524
2,"congruent",0.42
2,"congruent",0.328
2,"incongruent",0.541
2,"congruent",0.402
2,"congruent",0.415
2,"incongruent",0.478
2,"congruent",0.374
2,"incongruent",0.45
2,"incongruent",0.484
2,"congruent",0.367
2,"congruent",0.376
2,"incongruent",0.863
2,"congruent",0.315
2,"incongruent",0.436
2,"congruent",0.372
2,"incongruent",0.46
2,"congruent",0.412
2,"incongruent",0.444
2,"congruent",0.354
2,"congruent",0.363
2,"incongruent",0.42
2,"incongruent",0.623
2,"congruent",0.344
2,"incongruent",0.425
2,"congruent",0.4
2,"incongruent",0.42
2,"incongruent",0.498
2,"congruent",0.359
2,"congruent",0.431
2,"incongruent",0.469
2,"congruent",0.413
2,"congruent",0.376
2,"congruent",0.389
2,"incongruent",0.474
2,"congruent",0.415
2,"incongruent",0.6
2,"incongruent",0.428
2,"congruent",0.805
2,"incongruent",0.421
2,"congruent",0.362
2,"incongruent",0.47
2,"congruent",0.42
2,"incongruent",0.489
2,"congruent",0.435
2,"congruent",0.826
2,"congruent",0.408
2,"incongruent",0.469
2,"incongruent",0.473
2,"incongruent",0.444
2,"congruent",0.35
2,"congruent",0.403
2,"incongruent",0.452
2,"congruent",0.372
2,"incongruent",0.539
2,"congruent",0.37
2,"incongruent",0.455
2,"incongruent",0.644
2,"congruent",0.38
2,"congruent",0.338
2,"incongruent",0.433
2,"incongruent",0.486
2,"congruent",0.521
2,"congruent",0.411
2,"incongruent",0.624
2,"incongruent",0.471
2,"congruent",0.4
2,"congruent",0.361
2,"incongruent",0.723
2,"congruent",0.377
2,"congruent",0.384
2,"incongruent",0.485
2,"congruent",0.391
2,"incongruent",0.406
2,"congruent",0.577
2,"incongruent",0.49
2,"congruent",0.343
2,"incongruent",0.458
2,"congruent",0.414
2,"incongruent",0.444
2,"congruent",0.425
2,"congruent",0.381
2,"congruent",0.404
2,"incongruent",0.449
2,"incongruent",0.486
2,"congruent",0.429
2,"congruent",0.408
2,"incongruent",0.457
2,"congruent",0.507
2,"incongruent",0.796
9,"congruent",0.526
9,"congruent",0.3
9,"incongruent",0.452
9,"incongruent",0.475
9,"incongruent",0.559
9,"congruent",0.514
9,"incongruent",0.814
9,"congruent",0.569
9,"incongruent",0.563
9,"congruent",0.528
9,"incongruent",0.77
9,"congruent",0.781
9,"incongruent",0.934
9,"congruent",0.731
9,"congruent",0.645
9,"incongruent",0.737
9,"congruent",0.627
9,"congruent",0.652
9,"incongruent",1.282
9,"incongruent",0.635
9,"incongruent",0.644
9,"congruent",0.512
9,"incongruent",0.654
9,"congruent",0.654
9,"congruent",0.741
9,"incongruent",0.561
9,"congruent",0.741
9,"incongruent",0.828
9,"incongruent",0.88
9,"congruent",0.576
9,"incongruent",1.001
9,"congruent",0.626
9,"incongruent",0.83
9,"incongruent",1.192
9,"congruent",0.527
9,"congruent",0.606
9,"congruent",0.81
9,"incongruent",0.726
9,"incongruent",0.901
9,"congruent",0.712
9,"incongruent",0.723
9,"congruent",0.627
9,"incongruent",0.927
9,"congruent",0.893
9,"congruent",0.604
9,"congruent",0.629
9,"incongruent",0.991
9,"incongruent",0.84
9,"congruent",0.589
9,"incongruent",0.773
9,"incongruent",1.057
9,"congruent",0.943
9,"incongruent",0.803
9,"congruent",0.695
9,"congruent",0.964
9,"incongruent",1.035
9,"incongruent",0.756
9,"congruent",0.563
9,"congruent",0.576
9,"incongruent",1.033
9,"congruent",0.651
9,"incongruent",0.67
9,"congruent",0.557
9,"incongruent",0.929
9,"incongruent",0.667
9,"congruent",0.611
9,"incongruent",1.176
9,"congruent",0.657
9,"congruent",0.648
9,"congruent",0.77
9,"incongruent",0.762
9,"incongruent",0.754
9,"congruent",0.643
9,"congruent",0.559
9,"incongruent",1.331
9,"incongruent",0.622
9,"incongruent",0.776
9,"congruent",0.856
9,"congruent",0.664
9,"incongruent",1.007
9,"congruent",0.548
9,"incongruent",1.146
9,"congruent",0.513
9,"incongruent",0.774
9,"incongruent",0.957
9,"incongruent",1.483
9,"congruent",0.597
9,"congruent",0.477
9,"congruent",0.53
9,"incongruent",0.968
9,"congruent",0.663
9,"incongruent",0.668
9,"incongruent",0.707
9,"incongruent",0.536
9,"congruent",0.617
9,"congruent",0.55
3,"incongruent",0.959
3,"congruent",0.717
3,"incongruent",0.87
3,"congruent",0.571
3,"incongruent",0.67
3,"congruent",0.686
3,"congruent",0.531
3,"incongruent",0.781
3,"congruent",0.498
3,"congruent",0.492
3,"incongruent",0.917
3,"incongruent",0.585
3,"incongruent",1.761
3,"incongruent",0.55
3,"congruent",0.564
3,"congruent",0.568
3,"incongruent",0.647
3,"incongruent",0.591
3,"congruent",0.529
3,"congruent",0.482
3,"congruent",0.455
3,"incongruent",0.445
3,"congruent",0.5
3,"incongruent",0.762
3,"congruent",0.593
3,"incongruent",0.771
3,"incongruent",0.519
3,"congruent",0.423
3,"congruent",0.424
3,"incongruent",0.551
3,"congruent",0.474
3,"incongruent",0.714
3,"congruent",0.578
3,"incongruent",0.603
3,"congruent",0.591
3,"incongruent",0.63
3,"incongruent",0.554
3,"congruent",0.51
3,"incongruent",0.599
3,"congruent",0.433
3,"congruent",0.374
3,"incongruent",0.602
3,"congruent",0.563
3,"incongruent",0.769
3,"congruent",0.451
3,"incongruent",0.56
3,"incongruent",0.58
3,"congruent",0.548
3,"incongruent",0.924
3,"congruent",0.464
3,"incongruent",0.713
3,"congruent",0.588
3,"incongruent",0.603
3,"congruent",0.465
3,"incongruent",0.665
3,"congruent",0.662
3,"incongruent",0.714
3,"congruent",0.577
3,"congruent",0.445
3,"incongruent",0.606
3,"congruent",0.5
3,"incongruent",0.658
3,"congruent",0.693
3,"incongruent",0.598
3,"congruent",0.538
3,"incongruent",0.567
3,"incongruent",0.725
3,"congruent",0.391
3,"incongruent",0.647
3,"incongruent",0.644
3,"congruent",0.664
3,"congruent",0.508
3,"congruent",0.513
3,"incongruent",0.791
3,"incongruent",0.573
3,"congruent",0.407
3,"incongruent",0.553
3,"congruent",0.381
3,"incongruent",0.578
3,"congruent",0.585
3,"congruent",0.425
3,"incongruent",0.605
3,"congruent",0.523
3,"incongruent",1.158
3,"congruent",0.571
3,"incongruent",0.639
3,"congruent",0.4
3,"incongruent",0.523
3,"congruent",0.625
3,"congruent",0.559
3,"incongruent",0.835
3,"congruent",0.506
3,"incongruent",0.618
3,"incongruent",0.63
3,"congruent",0.56
10,"incongruent",1.306
10,"congruent",0.945
10,"incongruent",1.212
10,"congruent",1.61
10,"incongruent",1.06
10,"incongruent",0.73
10,"congruent",0.878
10,"congruent",0.707
10,"congruent",0.563
10,"incongruent",0.702
10,"incongruent",0.711
10,"congruent",1.036
10,"congruent",0.666
10,"incongruent",0.741
10,"congruent",0.656
10,"incongruent",0.589
10,"incongruent",0.561
10,"incongruent",0.614
10,"congruent",0.57
10,"congruent",0.603
10,"congruent",0.509
10,"incongruent",0.817
10,"congruent",0.694
10,"congruent",0.623
10,"incongruent",0.65
10,"incongruent",0.542
10,"congruent",0.669
10,"congruent",0.576
10,"incongruent",0.616
10,"congruent",0.796
10,"incongruent",0.76
10,"congruent",0.585
10,"incongruent",0.678
10,"congruent",0.759
10,"incongruent",0.721
10,"congruent",0.635
10,"incongruent",0.742
10,"congruent",0.654
10,"incongruent",1.684
10,"incongruent",0.601
10,"incongruent",0.744
10,"congruent",0.597
10,"congruent",0.435
10,"incongruent",0.615
10,"congruent",0.826
10,"incongruent",0.594
10,"congruent",0.731
10,"incongruent",0.856
10,"congruent",0.811
10,"congruent",0.599
10,"incongruent",0.31
10,"congruent",0.431
10,"incongruent",0.704
10,"congruent",0.496
10,"congruent",0.477
10,"incongruent",0.814
10,"congruent",0.63
10,"incongruent",0.765
10,"incongruent",0.679
10,"congruent",0.669
10,"incongruent",0.595
10,"congruent",0.591
10,"incongruent",0.601
10,"congruent",0.47
10,"congruent",0.518
10,"incongruent",0.504
10,"congruent",0.707
10,"incongruent",0.698
10,"congruent",0.438
10,"incongruent",0.772
10,"congruent",0.624
10,"congruent",0.511
10,"incongruent",1.103
10,"congruent",0.695
10,"congruent",0.495
10,"incongruent",1.111
10,"incongruent",0.64
10,"incongruent",0.846
10,"congruent",0.571
10,"congruent",0.744
10,"congruent",0.555
10,"congruent",0.504
10,"incongruent",0.688
10,"incongruent",0.563
10,"incongruent",0.582
10,"congruent",0.559
10,"incongruent",1.157
10,"incongruent",0.762
10,"congruent",0.547
10,"incongruent",0.717
10,"congruent",0.451
22,"congruent",0.752
22,"congruent",1.108
22,"incongruent",0.997
22,"congruent",0.983
22,"congruent",1.006
22,"incongruent",0.803
22,"congruent",0.929
22,"congruent",0.666
22,"incongruent",0.698
22,"congruent",0.645
22,"incongruent",0.592
22,"congruent",0.755
22,"incongruent",0.85
22,"congruent",0.647
22,"congruent",0.554
22,"incongruent",0.772
22,"congruent",0.741
22,"congruent",0.64
22,"incongruent",0.68
22,"incongruent",0.743
22,"congruent",0.672
22,"incongruent",0.786
22,"incongruent",0.682
22,"congruent",0.558
22,"incongruent",0.754
22,"incongruent",0.613
22,"congruent",0.641
22,"congruent",0.741
22,"incongruent",0.813
22,"congruent",0.676
22,"congruent",0.454
22,"incongruent",0.589
22,"incongruent",0.578
22,"congruent",0.493
22,"incongruent",0.634
22,"congruent",0.53
22,"congruent",0.5
22,"incongruent",0.695
22,"incongruent",0.83
22,"congruent",0.653
22,"incongruent",0.604
22,"congruent",0.532
22,"incongruent",0.767
22,"congruent",0.584
22,"congruent",0.666
22,"incongruent",0.579
22,"incongruent",0.698
22,"congruent",0.518
22,"congruent",0.571
22,"incongruent",0.606
22,"incongruent",0.571
22,"congruent",0.562
22,"incongruent",0.887
22,"congruent",0.544
22,"congruent",0.61
22,"incongruent",0.607
22,"incongruent",0.702
22,"congruent",0.597
22,"congruent",0.56
22,"incongruent",1.01
22,"congruent",0.649
22,"congruent",0.531
22,"incongruent",0.777
22,"congruent",0.553
22,"congruent",0.55
22,"incongruent",1.139
22,"incongruent",1.119
22,"incongruent",0.979
22,"incongruent",0.73
22,"congruent",0.601
22,"congruent",0.521
22,"incongruent",0.71
22,"congruent",0.585
22,"incongruent",1.015
22,"congruent",0.647
22,"incongruent",0.656
22,"congruent",0.592
22,"congruent",0.46
22,"incongruent",0.619
22,"congruent",0.442
22,"congruent",0.502
22,"incongruent",0.956
22,"incongruent",0.605
22,"congruent",0.681
22,"congruent",0.524
22,"incongruent",0.659
22,"incongruent",0.612
22,"congruent",0.499
22,"congruent",0.656
22,"incongruent",0.809
9,"congruent",0.554
9,"congruent",0.508
9,"incongruent",0.864
9,"incongruent",0.685
9,"incongruent",0.561
9,"congruent",0.558
9,"congruent",0.48
9,"incongruent",0.478
9,"congruent",0.427
9,"congruent",0.472
9,"incongruent",0.364
9,"incongruent",0.536
9,"congruent",0.311
9,"incongruent",0.268
9,"incongruent",0.503
9,"incongruent",0.967
9,"congruent",0.49
9,"incongruent",0.611
9,"congruent",0.493
9,"incongruent",0.564
9,"incongruent",0.704
9,"congruent",0.517
9,"congruent",0.496
9,"incongruent",0.843
9,"incongruent",0.686
9,"congruent",0.655
9,"congruent",0.534
9,"incongruent",0.876
9,"congruent",0.824
9,"incongruent",0.635
9,"incongruent",0.784
9,"congruent",0.552
9,"congruent",0.621
9,"incongruent",0.59
9,"congruent",0.944
9,"incongruent",0.739
9,"congruent",0.617
9,"incongruent",0.706
9,"congruent",0.501
9,"incongruent",0.455
9,"incongruent",0.554
9,"congruent",0.535
9,"incongruent",0.624
9,"congruent",0.457
9,"congruent",0.329
9,"incongruent",0.748
9,"incongruent",0.625
9,"congruent",0.576
9,"congruent",0.602
9,"congruent",0.546
9,"incongruent",0.829
9,"congruent",0.667
9,"incongruent",0.783
9,"incongruent",0.765
9,"congruent",0.594
9,"congruent",0.931
9,"incongruent",0.647
9,"incongruent",0.635
9,"incongruent",0.724
9,"congruent",0.533
9,"congruent",0.774
9,"congruent",0.488
9,"congruent",1.544
9,"incongruent",0.874
9,"incongruent",0.629
9,"incongruent",0.794
9,"congruent",0.53
9,"congruent",0.667
9,"incongruent",0.688
9,"incongruent",0.656
9,"incongruent",0.634
9,"congruent",0.617
9,"congruent",0.569
9,"congruent",0.588
9,"incongruent",0.699
9,"congruent",0.725
9,"incongruent",0.68
9,"congruent",0.62
9,"congruent",0.738
9,"incongruent",0.566
9,"incongruent",0.569
9,"congruent",0.418
9,"congruent",0.563
9,"incongruent",0.592
9,"incongruent",0.61
9,"incongruent",0.77
9,"congruent",0.643
9,"incongruent",0.761
9,"congruent",0.551
9,"incongruent",0.734
9,"congruent",0.492
9,"incongruent",0.689
9,"congruent",0.725
4,"congruent",1.078
4,"congruent",0.924
4,"incongruent",1.345
4,"incongruent",1.299
4,"congruent",0.961
4,"congruent",0.836
4,"congruent",0.579
4,"congruent",0.742
4,"incongruent",1.184
4,"incongruent",1.131
4,"congruent",1.108
4,"incongruent",1.266
4,"congruent",0.961
4,"congruent",0.638
4,"congruent",1.086
4,"incongruent",1.227
4,"incongruent",1.016
4,"congruent",0.687
4,"incongruent",1.026
4,"congruent",0.689
4,"incongruent",1.004
4,"incongruent",1.406
4,"congruent",0.803
4,"incongruent",1.144
4,"congruent",0.702
4,"incongruent",1.034
4,"congruent",0.758
4,"congruent",0.592
4,"incongruent",1.283
4,"incongruent",1.058
4,"congruent",0.825
4,"congruent",0.686
4,"congruent",0.654
4,"congruent",0.672
4,"incongruent",1.391
4,"congruent",0.762
4,"incongruent",1.398
4,"congruent",0.915
4,"incongruent",1.129
4,"congruent",0.723
4,"congruent",0.679
4,"incongruent",1.587
4,"incongruent",1.786
4,"congruent",0.73
4,"congruent",0.697
4,"incongruent",1.59
4,"congruent",0.761
4,"congruent",0.935
4,"congruent",0.598
4,"congruent",0.783
4,"incongruent",1.957
4,"incongruent",1.245
4,"incongruent",1.608
4,"incongruent",1.783
4,"congruent",1.064
4,"congruent",0.644
4,"congruent",0.802
4,"congruent",0.968
4,"incongruent",1.116
4,"incongruent",1.903
4,"congruent",0.831
4,"congruent",0.795
4,"incongruent",1.441
4,"incongruent",1.2
4,"congruent",0.653
4,"congruent",0.818
4,"incongruent",1.189
4,"incongruent",1.313
4,"incongruent",1.012
4,"congruent",0.691
4,"congruent",0.698
4,"incongruent",1.846
4,"congruent",0.709
4,"incongruent",1.226
4,"incongruent",1.303
4,"congruent",1.099
4,"congruent",0.769
4,"incongruent",1.341
4,"incongruent",1.716
4,"congruent",0.924
4,"congruent",0.723
4,"congruent",0.596
4,"incongruent",1.178
4,"congruent",0.608
4,"congruent",0.858
4,"incongruent",1.671
4,"incongruent",1.288
8,"incongruent",0.681
8,"incongruent",1.102
8,"congruent",1.009
8,"congruent",0.697
8,"incongruent",1.053
8,"congruent",0.827
8,"incongruent",0.581
8,"congruent",0.522
8,"incongruent",0.573
8,"congruent",0.394
8,"congruent",0.38
8,"incongruent",0.693
8,"congruent",0.356
8,"incongruent",0.792
8,"incongruent",0.541
8,"congruent",0.449
8,"incongruent",0.602
8,"incongruent",0.747
8,"congruent",0.505
8,"congruent",0.521
8,"congruent",0.629
8,"incongruent",0.654
8,"incongruent",0.603
8,"congruent",0.83
8,"congruent",0.432
8,"incongruent",0.534
8,"incongruent",0.525
8,"congruent",0.494
8,"incongruent",0.592
8,"congruent",0.578
8,"incongruent",0.864
8,"congruent",0.6
8,"congruent",0.674
8,"incongruent",0.766
8,"incongruent",1.395
8,"congruent",0.876
8,"congruent",0.532
8,"incongruent",0.65
8,"congruent",0.63
8,"congruent",0.954
8,"incongruent",0.895
8,"congruent",0.628
8,"incongruent",0.618
8,"incongruent",0.534
8,"congruent",0.546
8,"incongruent",0.96
8,"congruent",0.543
8,"congruent",1.21
8,"incongruent",0.702
8,"congruent",0.658
8,"congruent",0.467
8,"incongruent",0.678
8,"congruent",0.665
8,"incongruent",0.712
8,"incongruent",0.776
8,"congruent",0.56
8,"congruent",0.847
8,"incongruent",0.658
8,"congruent",0.629
8,"incongruent",0.794
8,"congruent",0.959
8,"incongruent",1.561
8,"incongruent",0.71
8,"congruent",0.533
8,"congruent",0.56
8,"incongruent",0.705
8,"incongruent",1.045
8,"congruent",0.587
8,"congruent",0.524
8,"congruent",0.511
8,"incongruent",0.792
8,"incongruent",0.677
8,"congruent",0.486
8,"congruent",0.384
8,"incongruent",0.664
8,"incongruent",0.777
8,"congruent",0.536
8,"congruent",0.413
8,"incongruent",1.952
8,"congruent",0.556
8,"incongruent",0.743
8,"congruent",0.482
8,"congruent",0.669
8,"incongruent",1.228
8,"congruent",0.633
8,"incongruent",0.687
8,"congruent",0.625
8,"congruent",0.624
8,"incongruent",0.676
